Entry,Gene ontology (cellular component),Subcellular location [CC],Gene names,Signal peptide
A1L3X4,cytoplasm [GO:0005737]; nucleus [GO:0005634],,MT1DP MTM,
A6NDG6,cytoplasm [GO:0005737],,PGP,
A8MWD9,catalytic step 2 spliceosome [GO:0071013]; P granule [GO:0043186]; SMN-Sm protein complex [GO:0034719]; U12-type spliceosomal complex [GO:0005689]; U1 snRNP [GO:0005685]; U2 snRNP [GO:0005686]; U2-type prespliceosome [GO:0071004]; U4 snRNP [GO:0005687]; U5 snRNP [GO:0005682],SUBCELLULAR LOCATION: Nucleus {ECO:0000250}.,SNRPGP15,
E9PAV3,nascent polypeptide-associated complex [GO:0005854]; nucleus [GO:0005634],SUBCELLULAR LOCATION: Cytoplasm {ECO:0000250|UniProtKB:P70670}. Nucleus {ECO:0000250|UniProtKB:P70670}.,NACA,
G2XKQ0,nucleus [GO:0005634],SUBCELLULAR LOCATION: Nucleus {ECO:0000269|PubMed:27211601}. Note=Forms prominent non-membrane-bound structures in the nucleus. {ECO:0000269|PubMed:27211601}.,SUMO1P1 SUMO5 UBL2 UBL6,
O00244,cytosol [GO:0005829],,ATOX1 HAH1,
O00273,cytosol [GO:0005829]; lipid droplet [GO:0005811]; nuclear chromatin [GO:0000790]; nucleoplasm [GO:0005654]; nucleus [GO:0005634]; plasma membrane [GO:0005886],SUBCELLULAR LOCATION: Cytoplasm.,DFFA DFF1 DFF45 H13,
O00303,"cytosol [GO:0005829]; eukaryotic 43S preinitiation complex [GO:0016282]; eukaryotic 48S preinitiation complex [GO:0033290]; eukaryotic translation initiation factor 3 complex [GO:0005852]; eukaryotic translation initiation factor 3 complex, eIF3m [GO:0071541]; membrane [GO:0016020]",SUBCELLULAR LOCATION: Cytoplasm {ECO:0000255|HAMAP-Rule:MF_03005}.,EIF3F EIF3S5,
O00410,cytoplasm [GO:0005737]; membrane [GO:0016020]; nuclear pore [GO:0005643]; nucleolus [GO:0005730]; nucleus [GO:0005634],"SUBCELLULAR LOCATION: Cytoplasm. Nucleus. Nucleus, nucleolus. Note=Nucleus; nuclear rim. Found particularly in the nuclear rim and nucleolus.",IPO5 KPNB3 RANBP5,
O00479,chromatin [GO:0000785]; nucleus [GO:0005634],SUBCELLULAR LOCATION: Nucleus {ECO:0000250}.,HMGN4 HMG17L3 NHC,
O00567,box C/D snoRNP complex [GO:0031428]; cytoplasm [GO:0005737]; fibrillar center [GO:0001650]; membrane [GO:0016020]; nucleolus [GO:0005730]; nucleoplasm [GO:0005654]; pre-snoRNP complex [GO:0070761]; small nucleolar ribonucleoprotein complex [GO:0005732]; small-subunit processome [GO:0032040],"SUBCELLULAR LOCATION: Nucleus, nucleolus {ECO:0000269|PubMed:12429849, ECO:0000269|PubMed:12777385, ECO:0000269|PubMed:9372940}. Cytoplasm {ECO:0000250|UniProtKB:Q9D6Z1}. Nucleus, nucleoplasm {ECO:0000305|PubMed:15574333}.",NOP56 NOL5A,
O00625,cytoplasm [GO:0005737]; cytosol [GO:0005829]; nucleoplasm [GO:0005654]; nucleus [GO:0005634],"SUBCELLULAR LOCATION: Nucleus {ECO:0000269|PubMed:20089166, ECO:0000269|PubMed:9079676}. Cytoplasm {ECO:0000269|PubMed:20089166}. Note=Predominantly localized in dot-like subnuclear structures. Cytoplasmic localization of PIR seems to positively correlate with melanoma progression. {ECO:0000269|PubMed:20089166, ECO:0000269|PubMed:9079676}.",PIR,
O00629,cytosol [GO:0005829]; nuclear membrane [GO:0031965]; nucleoplasm [GO:0005654]; nucleus [GO:0005634],SUBCELLULAR LOCATION: Cytoplasm {ECO:0000250}. Nucleus {ECO:0000250}.,KPNA4 QIP1,
O14513,microtubule plus-end [GO:0035371],,NCKAP5 ERIH NAP5,
O14744,cytoplasm [GO:0005737]; cytosol [GO:0005829]; Golgi apparatus [GO:0005794]; histone methyltransferase complex [GO:0035097]; methylosome [GO:0034709]; nucleoplasm [GO:0005654]; nucleus [GO:0005634],"SUBCELLULAR LOCATION: Cytoplasm {ECO:0000269|PubMed:21081503, ECO:0000269|PubMed:21917714, ECO:0000269|PubMed:22269951}. Nucleus {ECO:0000269|PubMed:18404153, ECO:0000269|PubMed:21081503, ECO:0000269|PubMed:21917714, ECO:0000269|PubMed:22269951}. Golgi apparatus {ECO:0000269|PubMed:20421892}.",PRMT5 HRMT1L5 IBP72 JBP1 SKB1,
O14980,annulate lamellae [GO:0005642]; Cajal body [GO:0015030]; cytoplasm [GO:0005737]; cytosol [GO:0005829]; host cell [GO:0043657]; intracellular membrane-bounded organelle [GO:0043231]; kinetochore [GO:0000776]; membrane [GO:0016020]; nuclear envelope [GO:0005635]; nuclear membrane [GO:0031965]; nucleolus [GO:0005730]; nucleoplasm [GO:0005654]; nucleus [GO:0005634]; protein-containing complex [GO:0032991]; ribonucleoprotein complex [GO:1990904],"SUBCELLULAR LOCATION: Cytoplasm. Nucleus, nucleoplasm. Nucleus, Cajal body. Nucleus, nucleolus. Note=Located in the nucleoplasm, Cajal bodies and nucleoli. Shuttles between the nucleus/nucleolus and the cytoplasm.",XPO1 CRM1,
O15212,cytoplasm [GO:0005737]; prefoldin complex [GO:0016272],,PFDN6 HKE2 PFD6,
O43396,cytoplasm [GO:0005737]; cytosol [GO:0005829]; nucleus [GO:0005634]; proteasome complex [GO:0000502],SUBCELLULAR LOCATION: Cytoplasm {ECO:0000269|PubMed:19349277}. Nucleus {ECO:0000269|PubMed:19349277}. Note=At least 85% of the cellular TXNL1 is proteasome-associated.,TXNL1 TRP32 TXL TXNL,
O43399,cytoplasm [GO:0005737]; perinuclear region of cytoplasm [GO:0048471],,TPD52L2,
O43504,cytosol [GO:0005829]; lysosomal membrane [GO:0005765]; lysosome [GO:0005764]; Ragulator complex [GO:0071986],SUBCELLULAR LOCATION: Cytoplasm. Lysosome.,LAMTOR5 HBXIP XIP,
O43768,cytoplasm [GO:0005737]; nucleoplasm [GO:0005654],SUBCELLULAR LOCATION: Cytoplasm {ECO:0000250}.,ENSA,
O60506,catalytic step 2 spliceosome [GO:0071013]; CRD-mediated mRNA stability complex [GO:0070937]; endoplasmic reticulum [GO:0005783]; GAIT complex [GO:0097452]; histone pre-mRNA 3'end processing complex [GO:0071204]; membrane [GO:0016020]; nucleoplasm [GO:0005654]; nucleus [GO:0005634]; ribonucleoprotein complex [GO:1990904],"SUBCELLULAR LOCATION: Cytoplasm {ECO:0000269|PubMed:11574476, ECO:0000269|PubMed:17289661, ECO:0000269|PubMed:19029303}. Microsome {ECO:0000250|UniProtKB:Q7TMK9}. Endoplasmic reticulum {ECO:0000250}. Nucleus {ECO:0000250|UniProtKB:Q7TMK9}. Note=The tyrosine phosphorylated form bound to RNA is found in microsomes (By similarity). Localized in cytoplasmic mRNP granules containing untranslated mRNAs (By similarity). {ECO:0000250|UniProtKB:O43390, ECO:0000250|UniProtKB:Q7TMK9}.; SUBCELLULAR LOCATION: Isoform 1: Nucleus, nucleoplasm {ECO:0000250|UniProtKB:Q7TMK9}. Note=Expressed predominantly in the nucleoplasm. {ECO:0000250|UniProtKB:Q7TMK9}.; SUBCELLULAR LOCATION: Isoform 2: Nucleus, nucleoplasm {ECO:0000250|UniProtKB:Q7TMK9}. Note=Expressed predominantly in the nucleoplasm. {ECO:0000250|UniProtKB:Q7TMK9}.; SUBCELLULAR LOCATION: Isoform 3: Nucleus, nucleoplasm {ECO:0000250|UniProtKB:Q7TMK9}. Note=Expressed predominantly in the nucleoplasm. {ECO:0000250|UniProtKB:Q7TMK9}.",SYNCRIP HNRPQ NSAP1,
O60739,eukaryotic 43S preinitiation complex [GO:0016282],,EIF1B,
O60841,cytoplasm [GO:0005737]; cytosol [GO:0005829],SUBCELLULAR LOCATION: Cytoplasm {ECO:0000250|UniProtKB:Q05D44}.,EIF5B IF2 KIAA0741,
O60869,cytoplasm [GO:0005737]; cytosol [GO:0005829]; intracellular [GO:0005622]; nucleolus [GO:0005730]; nucleus [GO:0005634],SUBCELLULAR LOCATION: Cytoplasm. Nucleus. Note=Also nuclear upon binding to NR5A1 and treatment of cells with TPA or forskolin.,EDF1,
O75317,nucleoplasm [GO:0005654],,USP12 UBH1 USP12L1,
O75344,cytoplasm [GO:0005737]; cytosol [GO:0005829]; synaptonemal complex [GO:0000795],"SUBCELLULAR LOCATION: Cytoplasm, cytosol {ECO:0000250}. Nucleus {ECO:0000250}. Chromosome {ECO:0000250}. Note=Does not localize to pi-bodies. Localizes to meiotic chromosome cores and regions of homologous chromosome synapsis (By similarity). {ECO:0000250}.",FKBP6 FKBP36,
O75347,cytoplasm [GO:0005737]; cytosol [GO:0005829]; microtubule [GO:0005874]; microtubule cytoskeleton [GO:0015630]; nucleolus [GO:0005730],"SUBCELLULAR LOCATION: Cytoplasm, cytoskeleton.",TBCA,
O75417,chromosome [GO:0005694]; cytoplasm [GO:0005737]; nucleoplasm [GO:0005654]; nucleus [GO:0005634],"SUBCELLULAR LOCATION: Nucleus {ECO:0000250|UniProtKB:O18475}. Chromosome {ECO:0000269|PubMed:25642963}. Note=Enriched in chromatin in response to ultaviolet (UV) light (PubMed:25642963). Binds to chromatin during early G1 (PubMed:24989122). {ECO:0000269|PubMed:24989122, ECO:0000269|PubMed:25642963}.",POLQ POLH,
O75531,condensed chromosome [GO:0000793]; cytoplasm [GO:0005737]; cytosol [GO:0005829]; nuclear envelope [GO:0005635]; nucleoplasm [GO:0005654]; nucleus [GO:0005634],"SUBCELLULAR LOCATION: Barrier-to-autointegration factor: Nucleus {ECO:0000269|PubMed:16495336, ECO:0000269|PubMed:24600006}. Cytoplasm {ECO:0000269|PubMed:16495336, ECO:0000269|PubMed:24600006}. Chromosome {ECO:0000269|PubMed:16495336}. Nucleus envelope {ECO:0000269|PubMed:24600006}. Note=Significantly enriched at the nuclear inner membrane, diffusely throughout the nucleus during interphase and concentrated at the chromosomes during the M-phase. The phosphorylated form (by VRK1 or vaccinia virus B1 kinase) shows a cytoplasmic localization whereas the unphosphorylated form locates almost exclusively in the nucleus (PubMed:24600006, PubMed:16495336). May be included in HIV-1 virions via its interaction with viral GAG polyprotein. {ECO:0000269|PubMed:16495336, ECO:0000269|PubMed:24600006}.",BANF1 BAF BCRG1,
O75533,catalytic step 2 spliceosome [GO:0071013]; nuclear speck [GO:0016607]; nucleoplasm [GO:0005654]; nucleus [GO:0005634]; spliceosomal complex [GO:0005681]; U11/U12 snRNP [GO:0034693]; U12-type spliceosomal complex [GO:0005689]; U2 snRNP [GO:0005686]; U2-type precatalytic spliceosome [GO:0071005]; U2-type prespliceosome [GO:0071004],"SUBCELLULAR LOCATION: Nucleus {ECO:0000269|PubMed:27720643, ECO:0000269|PubMed:28541300}. Nucleus speckle. Note=During mitosis, transiently dispersed from the nuclear speckles to the cytoplasm.",SF3B1 SAP155,
O75663,cytosol [GO:0005829],SUBCELLULAR LOCATION: Cytoplasm {ECO:0000269|PubMed:17944932}.,TIPRL,
O75821,cytoplasm [GO:0005737]; cytosol [GO:0005829]; eukaryotic 43S preinitiation complex [GO:0016282]; eukaryotic 48S preinitiation complex [GO:0033290]; eukaryotic translation initiation factor 3 complex [GO:0005852]; perinuclear region of cytoplasm [GO:0048471],"SUBCELLULAR LOCATION: Cytoplasm {ECO:0000255|HAMAP-Rule:MF_03006}. Nucleus {ECO:0000255|HAMAP-Rule:MF_03006, ECO:0000269|PubMed:17094969}. Cytoplasm, perinuclear region {ECO:0000255|HAMAP-Rule:MF_03006, ECO:0000269|PubMed:17094969}. Note=Colocalizes with AIFM1 in the nucleus and perinuclear region.",EIF3G EIF3S4,
O75937,cytosol [GO:0005829]; intercellular bridge [GO:0045171]; nucleoplasm [GO:0005654]; nucleus [GO:0005634],SUBCELLULAR LOCATION: Nucleus {ECO:0000269|PubMed:27133716}.,DNAJC8 SPF31 HSPC315 HSPC331,
O76003,cell cortex [GO:0005938]; cytosol [GO:0005829]; dendrite [GO:0030425]; nucleus [GO:0005634]; Z disc [GO:0030018],"SUBCELLULAR LOCATION: Cytoplasm, cytosol {ECO:0000305|PubMed:27519415}. Cytoplasm, cell cortex {ECO:0000269|PubMed:10636891}. Cytoplasm, myofibril, sarcomere, Z line {ECO:0000250|UniProtKB:Q9CQM9}. Note=Under the plasma membrane (By similarity). After PMA stimulation, GLRX3 and PRKCQ/PKC-theta translocate to a more extended submembrane area (By similarity). In the Z line, found associated with CSRP3 (By similarity). {ECO:0000250|UniProtKB:Q9CQM9}.",GLRX3 PICOT TXNL2 HUSSY-22,
O76021,90S preribosome [GO:0030686]; membrane [GO:0016020]; nucleolus [GO:0005730],"SUBCELLULAR LOCATION: Nucleus, nucleolus {ECO:0000269|PubMed:11790298, ECO:0000269|PubMed:12429849, ECO:0000269|PubMed:18678645, ECO:0000269|PubMed:22419112}. Note=Colocalizes with ING1 in the nucleolus after UV stress. {ECO:0000269|PubMed:22419112}.",RSL1D1 CATX11 CSIG PBK1 L12,
O94903,cytoplasm [GO:0005737]; intracellular [GO:0005622],,PLPBP PROSC,
O94989,cytoplasm [GO:0005737]; dendrite [GO:0030425],"SUBCELLULAR LOCATION: Cell projection, dendrite {ECO:0000250}. Note=Expressed exclusively in dendrites of the developing hippocampus. {ECO:0000250}.",ARHGEF15 KIAA0915,
O95373,cytosol [GO:0005829]; membrane [GO:0016020]; nuclear envelope [GO:0005635]; nuclear pore [GO:0005643]; nucleoplasm [GO:0005654],SUBCELLULAR LOCATION: Cytoplasm. Nucleus.,IPO7 RANBP7,
O95758,nucleus [GO:0005634],,PTBP3 ROD1,
O95777,Lsm2-8 complex [GO:0120115]; nucleoplasm [GO:0005654]; nucleus [GO:0005634]; U2-type precatalytic spliceosome [GO:0071005]; U4/U6 x U5 tri-snRNP complex [GO:0046540]; U6 snRNP [GO:0005688],"SUBCELLULAR LOCATION: Nucleus {ECO:0000269|PubMed:10523320, ECO:0000269|PubMed:26912367, ECO:0000269|PubMed:28781166}.",LSM8,
O95816,axon [GO:0030424]; chaperone complex [GO:0101031]; cytosol [GO:0005829]; dendrite [GO:0030425]; dendritic microtubule [GO:1901588],,BAG2,
O95861,cytosol [GO:0005829],,BPNT1,
O95989,cytoplasm [GO:0005737]; cytosol [GO:0005829]; nucleus [GO:0005634],SUBCELLULAR LOCATION: Cytoplasm {ECO:0000305}.,NUDT3 DIPP DIPP1,
O96019,Ino80 complex [GO:0031011]; npBAF complex [GO:0071564]; NuA4 histone acetyltransferase complex [GO:0035267]; nuclear chromatin [GO:0000790]; nucleoplasm [GO:0005654]; nucleus [GO:0005634]; plasma membrane [GO:0005886]; protein-containing complex [GO:0032991]; SWI/SNF complex [GO:0016514],SUBCELLULAR LOCATION: Nucleus {ECO:0000269|PubMed:18026119}.,ACTL6A BAF53 BAF53A INO80K,
P02042,blood microparticle [GO:0072562]; cytosol [GO:0005829]; haptoglobin-hemoglobin complex [GO:0031838]; hemoglobin complex [GO:0005833],,HBD,
P02545,cytosol [GO:0005829]; intermediate filament [GO:0005882]; lamin filament [GO:0005638]; nuclear envelope [GO:0005635]; nuclear lamina [GO:0005652]; nuclear membrane [GO:0031965]; nuclear speck [GO:0016607]; nucleoplasm [GO:0005654]; nucleus [GO:0005634]; perinuclear region of cytoplasm [GO:0048471],"SUBCELLULAR LOCATION: Nucleus {ECO:0000269|PubMed:15372542}. Nucleus envelope {ECO:0000269|PubMed:29599122}. Nucleus lamina. Nucleus, nucleoplasm. Note=Farnesylation of prelamin-A/C facilitates nuclear envelope targeting and subsequent cleaveage by ZMPSTE24/FACE1 to remove the farnesyl group produces mature lamin-A/C, which can then be inserted into the nuclear lamina. EMD is required for proper localization of non-farnesylated prelamin-A/C.; SUBCELLULAR LOCATION: Isoform C: Nucleus speckle {ECO:0000269|PubMed:16061563}.",LMNA LMN1,
P02795,cytoplasm [GO:0005737]; cytosol [GO:0005829]; nucleus [GO:0005634]; perinuclear region of cytoplasm [GO:0048471],,MT2A CES1 MT2,
P04183,cytosol [GO:0005829],SUBCELLULAR LOCATION: Cytoplasm.,TK1,
P05114,chromatin [GO:0000785]; cytoplasm [GO:0005737]; nucleoplasm [GO:0005654]; nucleus [GO:0005634],SUBCELLULAR LOCATION: Nucleus. Cytoplasm. Note=Cytoplasmic enrichment upon phosphorylation. The RNA edited version localizes to the nucleus.,HMGN1 HMG14,
P05455,"cytoplasm [GO:0005737]; nuclear chromosome, telomeric region [GO:0000784]; nucleus [GO:0005634]; ribonucleoprotein complex [GO:1990904]",SUBCELLULAR LOCATION: Nucleus {ECO:0000305}.,SSB,
P06132,cytosol [GO:0005829]; nucleoplasm [GO:0005654],SUBCELLULAR LOCATION: Cytoplasm.,UROD,
P06454,cytosol [GO:0005829]; nucleoplasm [GO:0005654]; nucleus [GO:0005634],SUBCELLULAR LOCATION: Nucleus.,PTMA TMSA,
P06748,centrosome [GO:0005813]; cytoplasm [GO:0005737]; cytosol [GO:0005829]; focal adhesion [GO:0005925]; membrane [GO:0016020]; nucleolus [GO:0005730]; nucleoplasm [GO:0005654]; nucleus [GO:0005634]; protein-containing complex [GO:0032991]; protein-DNA complex [GO:0032993]; ribonucleoprotein complex [GO:1990904]; spindle pole centrosome [GO:0031616],"SUBCELLULAR LOCATION: Nucleus, nucleolus {ECO:0000269|PubMed:19208757, ECO:0000269|PubMed:22528486, ECO:0000269|PubMed:25818168, ECO:0000269|PubMed:25956029}. Nucleus, nucleoplasm {ECO:0000269|PubMed:25818168}. Cytoplasm, cytoskeleton, microtubule organizing center, centrosome {ECO:0000269|PubMed:14654843}. Note=Generally nucleolar, but is translocated to the nucleoplasm in case of serum starvation or treatment with anticancer drugs. Has been found in the cytoplasm in patients with primary acute myelogenous leukemia (AML), but not with secondary AML. Can shuttle between cytoplasm and nucleus. Co- localizes with the methylated form of RPS10 in the granular component (GC) region of the nucleolus. Colocalized with nucleolin and APEX1 in nucleoli. Isoform 1 of NEK2 is required for its localization to the centrosome during mitosis.",NPM1 NPM,
P08237,6-phosphofructokinase complex [GO:0005945]; apical plasma membrane [GO:0016324]; cytosol [GO:0005829]; membrane [GO:0016020]; nucleus [GO:0005634],SUBCELLULAR LOCATION: Cytoplasm {ECO:0000255|HAMAP-Rule:MF_03184}.,PFKM PFKX,
P08243,cytosol [GO:0005829],,ASNS TS11,
P08579,catalytic step 2 spliceosome [GO:0071013]; fibrillar center [GO:0001650]; nuclear speck [GO:0016607]; nucleoplasm [GO:0005654]; nucleus [GO:0005634]; spliceosomal complex [GO:0005681]; U1 snRNP [GO:0005685]; U2 snRNP [GO:0005686]; U2-type catalytic step 2 spliceosome [GO:0071007]; U2-type precatalytic spliceosome [GO:0071005],"SUBCELLULAR LOCATION: Nucleus {ECO:0000269|PubMed:28076346, ECO:0000269|PubMed:28502770, ECO:0000269|PubMed:28781166}.",SNRPB2,
P0C7H8,cytosol [GO:0005829]; keratin filament [GO:0045095],,KRTAP2-3 KAP2.3 KRTAP2.3,
P10155,cytosol [GO:0005829]; nucleoplasm [GO:0005654]; ribonucleoprotein complex [GO:1990904],SUBCELLULAR LOCATION: Cytoplasm {ECO:0000269|PubMed:17289661}. Note=Localized in cytoplasmic mRNP granules containing untranslated mRNAs.,RO60 SSA2 TROVE2,
P13797,actin filament [GO:0005884]; actin filament bundle [GO:0032432]; cytoplasm [GO:0005737]; cytosol [GO:0005829]; plasma membrane [GO:0005886],SUBCELLULAR LOCATION: Cytoplasm.,PLS3,
P14324,cytoplasm [GO:0005737]; cytosol [GO:0005829]; nucleoplasm [GO:0005654],SUBCELLULAR LOCATION: Cytoplasm.,FDPS FPS KIAA1293,
P14678,catalytic step 2 spliceosome [GO:0071013]; cytoplasm [GO:0005737]; cytosol [GO:0005829]; histone pre-mRNA 3'end processing complex [GO:0071204]; methylosome [GO:0034709]; nucleoplasm [GO:0005654]; nucleus [GO:0005634]; small nuclear ribonucleoprotein complex [GO:0030532]; SMN-Sm protein complex [GO:0034719]; spliceosomal complex [GO:0005681]; telomerase holoenzyme complex [GO:0005697]; U12-type spliceosomal complex [GO:0005689]; U1 snRNP [GO:0005685]; U2 snRNP [GO:0005686]; U2-type catalytic step 2 spliceosome [GO:0071007]; U2-type precatalytic spliceosome [GO:0071005]; U2-type prespliceosome [GO:0071004]; U4/U6 x U5 tri-snRNP complex [GO:0046540]; U4 snRNP [GO:0005687]; U5 snRNP [GO:0005682]; U7 snRNP [GO:0005683],"SUBCELLULAR LOCATION: Cytoplasm, cytosol {ECO:0000269|PubMed:18984161}. Nucleus {ECO:0000269|PubMed:11574479, ECO:0000269|PubMed:11991638, ECO:0000269|PubMed:26912367, ECO:0000269|PubMed:28076346, ECO:0000269|PubMed:28502770, ECO:0000269|PubMed:28781166}. Note=SMN-mediated assembly into core snRNPs occurs in the cytosol before SMN-mediated transport to the nucleus to be included in spliceosomes. {ECO:0000305}.",SNRPB COD SNRPB1,
P15559,cytoplasm [GO:0005737]; cytosol [GO:0005829]; dendrite [GO:0030425]; neuronal cell body [GO:0043025],SUBCELLULAR LOCATION: Cytoplasm.,NQO1 DIA4 NMOR1,
P16403,nuclear chromatin [GO:0000790]; nuclear euchromatin [GO:0005719]; nucleosome [GO:0000786]; nucleus [GO:0005634]; transcriptionally active chromatin [GO:0035327],SUBCELLULAR LOCATION: Nucleus. Chromosome. Note=Mainly localizes in euchromatin. Distribution goes in parallel with DNA concentration.,HIST1H1C H1F2,
P17096,cytosol [GO:0005829]; focal adhesion [GO:0005925]; nucleoplasm [GO:0005654]; nucleus [GO:0005634]; RNA polymerase II transcription factor complex [GO:0090575]; senescence-associated heterochromatin focus [GO:0035985]; transcription factor complex [GO:0005667],SUBCELLULAR LOCATION: Nucleus. Chromosome.,HMGA1 HMGIY,
P18074,CAK-ERCC2 complex [GO:0070516]; cytoplasm [GO:0005737]; cytosol [GO:0005829]; MMXD complex [GO:0071817]; nucleoplasm [GO:0005654]; nucleus [GO:0005634]; spindle [GO:0005819]; transcription factor TFIID complex [GO:0005669]; transcription factor TFIIH core complex [GO:0000439]; transcription factor TFIIH holo complex [GO:0005675],"SUBCELLULAR LOCATION: Nucleus {ECO:0000269|PubMed:20797633, ECO:0000269|PubMed:23585563}. Cytoplasm, cytoskeleton, spindle {ECO:0000269|PubMed:20797633}.",ERCC2 XPD XPDC,
P18124,cytoplasm [GO:0005737]; cytosol [GO:0005829]; cytosolic large ribosomal subunit [GO:0022625]; focal adhesion [GO:0005925]; membrane [GO:0016020]; nucleolus [GO:0005730]; nucleus [GO:0005634]; postsynaptic density [GO:0014069]; ribonucleoprotein complex [GO:1990904],,RPL7,
P18621,cytosol [GO:0005829]; cytosolic large ribosomal subunit [GO:0022625]; nucleus [GO:0005634],,RPL17,
P18754,chromatin [GO:0000785]; condensed nuclear chromosome [GO:0000794]; cytoplasm [GO:0005737]; nuclear chromatin [GO:0000790]; nuclear membrane [GO:0031965]; nucleoplasm [GO:0005654]; nucleus [GO:0005634]; protein-containing complex [GO:0032991],"SUBCELLULAR LOCATION: Nucleus {ECO:0000269|PubMed:12194828, ECO:0000269|PubMed:16820410, ECO:0000269|PubMed:17435751, ECO:0000269|PubMed:2236072}. Chromosome {ECO:0000269|PubMed:12194828, ECO:0000269|PubMed:17435751, ECO:0000269|PubMed:18762580, ECO:0000269|PubMed:20668449}. Cytoplasm {ECO:0000269|PubMed:12194828, ECO:0000269|PubMed:17435751, ECO:0000269|PubMed:20668449}. Note=Predominantly nuclear in interphase cells (PubMed:12194828). Binds to mitotic chromosomes (PubMed:12194828, PubMed:17435751, PubMed:20668449). {ECO:0000269|PubMed:12194828, ECO:0000269|PubMed:17435751, ECO:0000269|PubMed:20668449}.",RCC1 CHC1,
P19623,cytosol [GO:0005829],,SRM SPS1 SRML1,
P20042,cytoplasm [GO:0005737]; cytosol [GO:0005829]; eukaryotic translation initiation factor 2 complex [GO:0005850],,EIF2S2 EIF2B,
P20810,cytosol [GO:0005829]; endoplasmic reticulum [GO:0005783]; membrane [GO:0016020],,CAST,
P20962,nucleus [GO:0005634],,PTMS,
P23193,nucleolus [GO:0005730]; nucleoplasm [GO:0005654]; nucleus [GO:0005634]; transcription factor TFIID complex [GO:0005669],SUBCELLULAR LOCATION: Nucleus.,TCEA1 GTF2S TFIIS,
P23246,chromatin [GO:0000785]; dendrite cytoplasm [GO:0032839]; nuclear matrix [GO:0016363]; nuclear speck [GO:0016607]; nucleoplasm [GO:0005654]; nucleus [GO:0005634]; paraspeckles [GO:0042382]; RNA polymerase II transcription factor complex [GO:0090575],"SUBCELLULAR LOCATION: Nucleus speckle {ECO:0000269|PubMed:25765647}. Nucleus matrix {ECO:0000269|PubMed:10653975, ECO:0000269|PubMed:19439179, ECO:0000269|PubMed:9848648}. Cytoplasm {ECO:0000269|PubMed:19439179}. Note=Predominantly in nuclear matrix. {ECO:0000269|PubMed:19439179}.",SFPQ PSF,
P23588,cytosol [GO:0005829]; eukaryotic translation initiation factor 4F complex [GO:0016281]; polysome [GO:0005844],,EIF4B,
P24534,cytoplasm [GO:0005737]; cytosol [GO:0005829]; eukaryotic translation elongation factor 1 complex [GO:0005853],,EEF1B2 EEF1B EF1B,
P24941,"Cajal body [GO:0015030]; centrosome [GO:0005813]; chromosome, telomeric region [GO:0000781]; condensed chromosome [GO:0000793]; cyclin A1-CDK2 complex [GO:0097123]; cyclin A2-CDK2 complex [GO:0097124]; cyclin-dependent protein kinase holoenzyme complex [GO:0000307]; cyclin E1-CDK2 complex [GO:0097134]; cyclin E2-CDK2 complex [GO:0097135]; cytoplasm [GO:0005737]; cytosol [GO:0005829]; endosome [GO:0005768]; nucleoplasm [GO:0005654]; nucleus [GO:0005634]; transcription factor complex [GO:0005667]; X chromosome [GO:0000805]; Y chromosome [GO:0000806]","SUBCELLULAR LOCATION: Cytoplasm, cytoskeleton, microtubule organizing center, centrosome. Nucleus, Cajal body. Cytoplasm. Endosome. Note=Localized at the centrosomes in late G2 phase after separation of the centrosomes but before the start of prophase. Nuclear-cytoplasmic trafficking is mediated during the inhibition by 1,25-(OH)(2)D(3).",CDK2 CDKN2,
P25205,"alpha DNA polymerase:primase complex [GO:0005658]; centrosome [GO:0005813]; MCM complex [GO:0042555]; membrane [GO:0016020]; nuclear chromosome, telomeric region [GO:0000784]; nucleoplasm [GO:0005654]; nucleus [GO:0005634]; perinuclear region of cytoplasm [GO:0048471]",SUBCELLULAR LOCATION: Nucleus.,MCM3,
P25398,cytosol [GO:0005829]; cytosolic small ribosomal subunit [GO:0022627]; Golgi apparatus [GO:0005794]; intracellular membrane-bounded organelle [GO:0043231]; membrane [GO:0016020]; nucleoplasm [GO:0005654],SUBCELLULAR LOCATION: Cytoplasm.,RPS12,
P26368,commitment complex [GO:0000243]; nuclear speck [GO:0016607]; nucleoplasm [GO:0005654]; nucleus [GO:0005634]; spliceosomal complex [GO:0005681]; U2AF [GO:0089701]; U2-type prespliceosome [GO:0071004],SUBCELLULAR LOCATION: Nucleus.,U2AF2 U2AF65,
P26373,cytosol [GO:0005829]; cytosolic large ribosomal subunit [GO:0022625]; cytosolic ribosome [GO:0022626]; endoplasmic reticulum [GO:0005783]; membrane [GO:0016020]; nucleolus [GO:0005730]; nucleus [GO:0005634],,RPL13 BBC1 OK/SW-cl.46,
P26640,cytosol [GO:0005829],,VARS G7A VARS2,
P27635,cytosol [GO:0005829]; cytosolic large ribosomal subunit [GO:0022625]; endoplasmic reticulum [GO:0005783]; membrane [GO:0016020]; nucleus [GO:0005634]; protein-containing complex [GO:0032991],,RPL10 DXS648E QM,
P27816,axon [GO:0030424]; axoneme [GO:0005930]; cytosol [GO:0005829]; microtubule [GO:0005874]; microtubule associated complex [GO:0005875]; microtubule cytoskeleton [GO:0015630]; mitotic spindle [GO:0072686]; neuron projection [GO:0043005]; plasma membrane [GO:0005886]; postsynaptic density [GO:0014069],"SUBCELLULAR LOCATION: Cytoplasm, cytoskeleton.",MAP4,
P29144,cytoplasm [GO:0005737]; cytosol [GO:0005829]; nuclear body [GO:0016604]; nucleoplasm [GO:0005654],SUBCELLULAR LOCATION: Cytoplasm {ECO:0000269|PubMed:19747897}. Nucleus {ECO:0000269|PubMed:19747897}. Note=Translocates to the nucleus in responce to gamma-irradiation.,TPP2,
P29218,cytoplasm [GO:0005737]; cytosol [GO:0005829],SUBCELLULAR LOCATION: Cytoplasm {ECO:0000269|PubMed:17068342}.,IMPA1 IMPA,
P29692,cytoplasm [GO:0005737]; cytosol [GO:0005829]; eukaryotic translation elongation factor 1 complex [GO:0005853]; fibrillar center [GO:0001650]; nucleus [GO:0005634],SUBCELLULAR LOCATION: Isoform 2: Nucleus {ECO:0000269|PubMed:21597468}.,EEF1D EF1D,
P30566,cytosol [GO:0005829],,ADSL AMPS,
P31153,cytosol [GO:0005829]; methionine adenosyltransferase complex [GO:0048269],,MAT2A AMS2 MATA2,
P31948,chaperone complex [GO:0101031]; cytosol [GO:0005829]; Golgi apparatus [GO:0005794]; nucleus [GO:0005634]; protein-containing complex [GO:0032991],SUBCELLULAR LOCATION: Cytoplasm {ECO:0000250|UniProtKB:Q60864}. Nucleus {ECO:0000250|UniProtKB:Q60864}.,STIP1,
P33991,"MCM complex [GO:0042555]; membrane [GO:0016020]; nuclear chromosome, telomeric region [GO:0000784]; nucleoplasm [GO:0005654]; nucleus [GO:0005634]",SUBCELLULAR LOCATION: Nucleus {ECO:0000250}.,MCM4 CDC21,
P33993,"chromatin [GO:0000785]; cytosol [GO:0005829]; MCM complex [GO:0042555]; membrane [GO:0016020]; nuclear chromosome, telomeric region [GO:0000784]; nucleoplasm [GO:0005654]; nucleus [GO:0005634]",SUBCELLULAR LOCATION: Nucleus {ECO:0000250}.,MCM7 CDC47 MCM2,
P41223,nucleoplasm [GO:0005654]; nucleus [GO:0005634]; spliceosomal complex [GO:0005681]; U2-type catalytic step 2 spliceosome [GO:0071007],"SUBCELLULAR LOCATION: Nucleus {ECO:0000269|PubMed:25091737, ECO:0000269|PubMed:28076346, ECO:0000269|PubMed:28502770}. Note=Detected in chromatin at the promoter of AR target genes. {ECO:0000305|PubMed:25091737}.",BUD31 EDG2,
P41227,cytoplasm [GO:0005737]; cytosol [GO:0005829]; intracellular [GO:0005622]; membrane [GO:0016020]; NatA complex [GO:0031415]; nucleolus [GO:0005730]; nucleus [GO:0005634],"SUBCELLULAR LOCATION: Cytoplasm {ECO:0000269|PubMed:12464182, ECO:0000269|PubMed:25489052, ECO:0000269|PubMed:25732826}. Nucleus {ECO:0000269|PubMed:12464182, ECO:0000269|PubMed:15496142, ECO:0000269|PubMed:25732826}. Note=Also present in the free cytosolic and cytoskeleton-bound polysomes. {ECO:0000269|PubMed:15496142}.",NAA10 ARD1 ARD1A TE2,
P43243,membrane [GO:0016020]; nuclear inner membrane [GO:0005637]; nuclear matrix [GO:0016363],SUBCELLULAR LOCATION: Nucleus matrix.,MATR3 KIAA0723,
P43487,centrosome [GO:0005813]; cytoplasm [GO:0005737]; cytosol [GO:0005829]; nuclear envelope [GO:0005635]; nuclear pore [GO:0005643]; nucleus [GO:0005634],,RANBP1,
P43686,"cytosol [GO:0005829]; cytosolic proteasome complex [GO:0031597]; inclusion body [GO:0016234]; membrane [GO:0016020]; nucleoplasm [GO:0005654]; nucleus [GO:0005634]; proteasome accessory complex [GO:0022624]; proteasome complex [GO:0000502]; proteasome regulatory particle, base subcomplex [GO:0008540]; synapse [GO:0045202]",SUBCELLULAR LOCATION: Cytoplasm. Nucleus.,PSMC4 MIP224 TBP7,
P45974,cytosol [GO:0005829]; lysosome [GO:0005764],,USP5 ISOT,
P46100,"condensed nuclear chromosome, centromeric region [GO:0000780]; nuclear body [GO:0016604]; nuclear chromosome, telomeric region [GO:0000784]; nuclear heterochromatin [GO:0005720]; nuclear pericentric heterochromatin [GO:0031618]; nuclear subtelomeric heterochromatin [GO:1990707]; nucleoplasm [GO:0005654]; nucleus [GO:0005634]; pericentric heterochromatin [GO:0005721]; PML body [GO:0016605]; telomeric heterochromatin [GO:0031933]","SUBCELLULAR LOCATION: Nucleus. Chromosome, telomere. Nucleus, PML body. Note=Associated with pericentromeric heterochromatin during interphase and mitosis, probably by interacting with CBX5/HP1 alpha. Colocalizes with histone H3.3, DAXX, HIRA and ASF1A at PML-nuclear bodies. Colocalizes with cohesin (SMC1 and SMC3) and MECP2 at the maternal H19 ICR (By similarity). {ECO:0000250}.",ATRX RAD54L XH2,
P46109,cytosol [GO:0005829]; extrinsic component of postsynaptic membrane [GO:0098890]; neuromuscular junction [GO:0031594]; nucleoplasm [GO:0005654]; protein-containing complex [GO:0032991],,CRKL,
P46734,cytoplasm [GO:0005737]; cytosol [GO:0005829]; membrane [GO:0016020]; nucleoplasm [GO:0005654],,MAP2K3 MEK3 MKK3 PRKMK3 SKK2,
P46736,BRCA1-A complex [GO:0070531]; BRISC complex [GO:0070552]; cytoplasm [GO:0005737]; cytosol [GO:0005829]; nuclear ubiquitin ligase complex [GO:0000152]; nucleoplasm [GO:0005654]; nucleus [GO:0005634]; spindle pole [GO:0000922]; ubiquitin ligase complex [GO:0000151],"SUBCELLULAR LOCATION: Nucleus {ECO:0000269|PubMed:18077395, ECO:0000269|PubMed:19202061, ECO:0000269|PubMed:19261748, ECO:0000269|PubMed:19261749, ECO:0000269|PubMed:20656690, ECO:0000269|PubMed:24075985, ECO:0000269|PubMed:26344097}. Cytoplasm {ECO:0000269|PubMed:20656690, ECO:0000269|PubMed:24075985}. Cytoplasm, cytoskeleton, spindle pole {ECO:0000305|PubMed:26195665}. Note=Localizes at sites of DNA damage at double-strand breaks (DSBs) (PubMed:20656690, PubMed:26344097). Interaction with ABRAXAS2 retains BRCC3 in the cytoplasm (PubMed:20656690). {ECO:0000269|PubMed:20656690, ECO:0000269|PubMed:26344097}.",BRCC3 BRCC36 C6.1A CXorf53,
P46783,cytosol [GO:0005829]; cytosolic small ribosomal subunit [GO:0022627]; focal adhesion [GO:0005925]; membrane [GO:0016020]; nucleolus [GO:0005730]; nucleoplasm [GO:0005654]; ribosome [GO:0005840],"SUBCELLULAR LOCATION: Cytoplasm {ECO:0000269|PubMed:20159986}. Nucleus, nucleolus {ECO:0000269|PubMed:20159986}. Note=Localized in the granular component (GC) region of the nucleolus. Methylation is required for its localization in the GC region. Colocalizes with NPS1 in the GC region of the nucleolus.",RPS10,
P47914,cytosol [GO:0005829]; cytosolic large ribosomal subunit [GO:0022625]; membrane [GO:0016020],,RPL29,
P48506,cytosol [GO:0005829]; glutamate-cysteine ligase complex [GO:0017109]; mitochondrion [GO:0005739],,GCLC GLCL GLCLC,
P48539,cytosol [GO:0005829]; nucleus [GO:0005634]; protein-containing complex [GO:0032991],,PCP4 PEP19,
P48681,cytoplasm [GO:0005737]; intermediate filament [GO:0005882]; intermediate filament cytoskeleton [GO:0045111],,NES Nbla00170,
P49321,cytoplasm [GO:0005737]; nuclear chromatin [GO:0000790]; nucleoplasm [GO:0005654]; nucleus [GO:0005634]; protein-containing complex [GO:0032991],SUBCELLULAR LOCATION: Cytoplasm {ECO:0000250|UniProtKB:Q99MD9}. Nucleus {ECO:0000250|UniProtKB:Q99MD9}.,NASP,
P49458,"cytosol [GO:0005829]; signal recognition particle, endoplasmic reticulum targeting [GO:0005786]; signal recognition particle receptor complex [GO:0005785]",SUBCELLULAR LOCATION: Cytoplasm.,SRP9,
P49593,cytosol [GO:0005829]; perinuclear region of cytoplasm [GO:0048471]; protein-containing complex [GO:0032991],,PPM1F KIAA0015 POPX2,
P49736,"chromatin [GO:0000785]; cytoplasm [GO:0005737]; MCM complex [GO:0042555]; microtubule cytoskeleton [GO:0015630]; nuclear chromosome, telomeric region [GO:0000784]; nuclear origin of replication recognition complex [GO:0005664]; nucleoplasm [GO:0005654]; nucleus [GO:0005634]",SUBCELLULAR LOCATION: Nucleus {ECO:0000269|PubMed:8175912}.,MCM2 BM28 CCNL1 CDCL1 KIAA0030,
P49915,cytosol [GO:0005829],SUBCELLULAR LOCATION: Cytoplasm.,GMPS,
P51452,cytosol [GO:0005829]; immunological synapse [GO:0001772]; nucleoplasm [GO:0005654]; nucleus [GO:0005634],SUBCELLULAR LOCATION: Nucleus {ECO:0000269|PubMed:10224087}.,DUSP3 VHR,
P52597,catalytic step 2 spliceosome [GO:0071013]; cytosol [GO:0005829]; membrane [GO:0016020]; nucleoplasm [GO:0005654]; nucleus [GO:0005634]; plasma membrane [GO:0005886],"SUBCELLULAR LOCATION: Nucleus, nucleoplasm.",HNRNPF HNRPF,
P54725,cytoplasm [GO:0005737]; cytosol [GO:0005829]; intracellular membrane-bounded organelle [GO:0043231]; microtubule organizing center [GO:0005815]; nucleoplasm [GO:0005654]; nucleus [GO:0005634]; proteasome complex [GO:0000502]; protein-containing complex [GO:0032991],SUBCELLULAR LOCATION: Nucleus.,RAD23A,
P54727,cytosol [GO:0005829]; nucleoplasm [GO:0005654]; nucleus [GO:0005634]; proteasome complex [GO:0000502]; XPC complex [GO:0071942],"SUBCELLULAR LOCATION: Nucleus. Cytoplasm. Note=The intracellular distribution is cell cycle dependent. Localized to the nucleus and the cytoplasm during G1 phase. Nuclear levels decrease during S-phase; upon entering mitosis, relocalizes in the cytoplasm without association with chromatin.",RAD23B,
P55209,cytoplasm [GO:0005737]; melanosome [GO:0042470]; membrane [GO:0016020]; nucleus [GO:0005634],SUBCELLULAR LOCATION: Nucleus {ECO:0000269|PubMed:17081065}. Melanosome {ECO:0000269|PubMed:17081065}. Cytoplasm {ECO:0000250|UniProtKB:P28656}. Note=Identified by mass spectrometry in melanosome fractions from stage I to stage IV.,NAP1L1 NRP,
P55327,cytoplasm [GO:0005737]; endoplasmic reticulum [GO:0005783]; perinuclear region of cytoplasm [GO:0048471],,TPD52,
P57740,condensed chromosome kinetochore [GO:0000777]; cytosol [GO:0005829]; host cell [GO:0043657]; membrane [GO:0016020]; nuclear envelope [GO:0005635]; nuclear membrane [GO:0031965]; nuclear periphery [GO:0034399]; nuclear pore [GO:0005643]; nuclear pore outer ring [GO:0031080],"SUBCELLULAR LOCATION: Nucleus membrane {ECO:0000269|PubMed:11564755, ECO:0000269|PubMed:12802065, ECO:0000269|PubMed:15229283, ECO:0000269|PubMed:26411495}. Nucleus, nuclear pore complex {ECO:0000269|PubMed:11564755, ECO:0000269|PubMed:12802065, ECO:0000269|PubMed:15229283, ECO:0000269|PubMed:26411495}. Chromosome, centromere, kinetochore {ECO:0000269|PubMed:11564755}. Note=Located on both the cytoplasmic and nuclear sides of the NPC core structure (PubMed:11564755). During mitosis, localizes to the kinetochores (PubMed:11564755). Dissociates from the dissasembled NPC structure late during prophase of mitosis (PubMed:11564755). {ECO:0000269|PubMed:11564755}.",NUP107,
P58546,axon [GO:0030424]; cytosol [GO:0005829]; F-actin capping protein complex [GO:0008290]; nucleus [GO:0005634]; perinuclear region of cytoplasm [GO:0048471],"SUBCELLULAR LOCATION: Cytoplasm {ECO:0000305}. Nucleus {ECO:0000250}. Cytoplasm, perinuclear region {ECO:0000250}.",MTPN,
P60983,actin cortical patch [GO:0030479],,GMFB,
P61201,COP9 signalosome [GO:0008180]; cytoplasm [GO:0005737]; cytosol [GO:0005829]; nucleoplasm [GO:0005654],SUBCELLULAR LOCATION: Cytoplasm {ECO:0000269|PubMed:9535219}. Nucleus {ECO:0000269|PubMed:10207062}.,COPS2 CSN2 TRIP15,
P61289,cytoplasm [GO:0005737]; cytosol [GO:0005829]; membrane [GO:0016020]; nucleoplasm [GO:0005654]; nucleus [GO:0005634]; proteasome activator complex [GO:0008537]; proteasome complex [GO:0000502],"SUBCELLULAR LOCATION: Nucleus {ECO:0000269|PubMed:10657252, ECO:0000269|PubMed:12629132}. Cytoplasm {ECO:0000250}. Note=Localizes to the cytoplasm during mitosis following nuclear envelope breakdown at this distinct stage of the cell cycle which allows its interaction with MAP3K3 kinase. {ECO:0000250}.",PSME3,
P61313,cytosol [GO:0005829]; cytosolic large ribosomal subunit [GO:0022625]; membrane [GO:0016020]; nucleus [GO:0005634]; ribosome [GO:0005840],SUBCELLULAR LOCATION: Membrane {ECO:0000305}; Lipid-anchor {ECO:0000305}.,RPL15 EC45 TCBAP0781,
P61326,catalytic step 2 spliceosome [GO:0071013]; cytoplasm [GO:0005737]; exon-exon junction complex [GO:0035145]; nuclear speck [GO:0016607]; nucleoplasm [GO:0005654]; nucleus [GO:0005634],"SUBCELLULAR LOCATION: Nucleus {ECO:0000269|PubMed:19324961}. Nucleus speckle {ECO:0000269|PubMed:19324961}. Cytoplasm {ECO:0000269|PubMed:19324961}. Note=Detected in granule-like structures in the dendroplasm (By similarity). Travels to the cytoplasm as part of the exon junction complex (EJC) bound to mRNA. Colocalizes with the core EJC, ALYREF/THOC4, NXF1 and UAP56 in the nucleus and nuclear speckles (PubMed:19324961). {ECO:0000250, ECO:0000250|UniProtKB:Q27W02, ECO:0000269|PubMed:19324961}.",MAGOH MAGOHA,
P61956,nucleoplasm [GO:0005654]; nucleus [GO:0005634]; PML body [GO:0016605],"SUBCELLULAR LOCATION: Nucleus. Nucleus, PML body.",SUMO2 SMT3B SMT3H2,
P61960,cytoplasm [GO:0005737]; endoplasmic reticulum [GO:0005783]; nucleus [GO:0005634],SUBCELLULAR LOCATION: Nucleus {ECO:0000269|PubMed:15071506}. Cytoplasm {ECO:0000269|PubMed:15071506}.,UFM1 C13orf20 BM-002,
P62081,cytosol [GO:0005829]; cytosolic small ribosomal subunit [GO:0022627]; focal adhesion [GO:0005925]; membrane [GO:0016020]; microtubule organizing center [GO:0005815]; nucleolus [GO:0005730]; nucleoplasm [GO:0005654]; nucleus [GO:0005634]; protein-containing complex [GO:0032991]; ribonucleoprotein complex [GO:1990904]; ribosome [GO:0005840]; small-subunit processome [GO:0032040]; synapse [GO:0045202],"SUBCELLULAR LOCATION: Cytoplasm, cytoskeleton, microtubule organizing center, centrosome {ECO:0000269|PubMed:14654843, ECO:0000269|PubMed:20873783}. Note=Colocalizes with NEK6 in the centrosome. {ECO:0000269|PubMed:20873783}.",RPS7,
P62266,cytosol [GO:0005829]; cytosolic small ribosomal subunit [GO:0022627]; endoplasmic reticulum [GO:0005783]; membrane [GO:0016020]; nucleoplasm [GO:0005654]; polysomal ribosome [GO:0042788]; ribosome [GO:0005840]; rough endoplasmic reticulum [GO:0005791]; synapse [GO:0045202],"SUBCELLULAR LOCATION: Cytoplasm, cytosol {ECO:0000269|PubMed:25957688}. Cytoplasm {ECO:0000305|PubMed:23636399, ECO:0000305|PubMed:25901680}. Rough endoplasmic reticulum {ECO:0000250|UniProtKB:Q6SA96}. Note=Detected on cytosolic polysomes (PubMed:25957688). Detected in ribosomes that are associated with the rough endoplasmic reticulum (By similarity). {ECO:0000250|UniProtKB:Q6SA96, ECO:0000269|PubMed:25957688}.",RPS23,
P62304,catalytic step 2 spliceosome [GO:0071013]; cytosol [GO:0005829]; methylosome [GO:0034709]; nucleoplasm [GO:0005654]; nucleus [GO:0005634]; pICln-Sm protein complex [GO:0034715]; small nuclear ribonucleoprotein complex [GO:0030532]; SMN-Sm protein complex [GO:0034719]; spliceosomal complex [GO:0005681]; telomerase holoenzyme complex [GO:0005697]; U12-type spliceosomal complex [GO:0005689]; U1 snRNP [GO:0005685]; U2 snRNP [GO:0005686]; U2-type catalytic step 2 spliceosome [GO:0071007]; U2-type precatalytic spliceosome [GO:0071005]; U4/U6 x U5 tri-snRNP complex [GO:0046540]; U4 snRNP [GO:0005687]; U5 snRNP [GO:0005682]; U7 snRNP [GO:0005683],"SUBCELLULAR LOCATION: Cytoplasm, cytosol {ECO:0000269|PubMed:18984161}. Nucleus {ECO:0000269|PubMed:11574479, ECO:0000269|PubMed:11991638, ECO:0000269|PubMed:23246290, ECO:0000269|PubMed:26912367, ECO:0000269|PubMed:28076346, ECO:0000269|PubMed:28502770, ECO:0000269|PubMed:28781166}. Note=SMN-mediated assembly into core snRNPs occurs in the cytosol before SMN-mediated transport to the nucleus to be included in spliceosomes. {ECO:0000305}.",SNRPE,
P62318,catalytic step 2 spliceosome [GO:0071013]; commitment complex [GO:0000243]; cytosol [GO:0005829]; methylosome [GO:0034709]; nuclear body [GO:0016604]; nucleoplasm [GO:0005654]; nucleus [GO:0005634]; pICln-Sm protein complex [GO:0034715]; small nuclear ribonucleoprotein complex [GO:0030532]; SMN-Sm protein complex [GO:0034719]; spliceosomal complex [GO:0005681]; telomerase holoenzyme complex [GO:0005697]; U12-type spliceosomal complex [GO:0005689]; U1 snRNP [GO:0005685]; U2 snRNP [GO:0005686]; U2-type catalytic step 2 spliceosome [GO:0071007]; U2-type precatalytic spliceosome [GO:0071005]; U4/U6 x U5 tri-snRNP complex [GO:0046540]; U4 snRNP [GO:0005687]; U5 snRNP [GO:0005682]; U7 snRNP [GO:0005683],"SUBCELLULAR LOCATION: Cytoplasm, cytosol {ECO:0000269|PubMed:18984161}. Nucleus {ECO:0000269|PubMed:11574479, ECO:0000269|PubMed:11991638, ECO:0000269|PubMed:26912367, ECO:0000269|PubMed:28076346, ECO:0000269|PubMed:28502770, ECO:0000269|PubMed:28781166}. Note=SMN-mediated assembly into core snRNPs occurs in the cytosol before SMN-mediated transport to the nucleus to be included in spliceosomes. {ECO:0000305}.",SNRPD3,
P62424,cytoplasm [GO:0005737]; cytosol [GO:0005829]; cytosolic large ribosomal subunit [GO:0022625]; focal adhesion [GO:0005925]; membrane [GO:0016020]; nucleolus [GO:0005730]; nucleus [GO:0005634]; polysomal ribosome [GO:0042788],,RPL7A SURF-3 SURF3,
P62633,cytoplasm [GO:0005737]; cytosol [GO:0005829]; endoplasmic reticulum [GO:0005783]; nucleus [GO:0005634],SUBCELLULAR LOCATION: Cytoplasm {ECO:0000250}. Endoplasmic reticulum {ECO:0000250}.,CNBP RNF163 ZNF9,
P62841,cytosol [GO:0005829]; cytosolic small ribosomal subunit [GO:0022627]; focal adhesion [GO:0005925]; membrane [GO:0016020]; nucleoplasm [GO:0005654]; nucleus [GO:0005634],,RPS15 RIG,
P63208,centrosome [GO:0005813]; Cul7-RING ubiquitin ligase complex [GO:0031467]; cytoplasm [GO:0005737]; cytosol [GO:0005829]; nucleoplasm [GO:0005654]; nucleus [GO:0005634]; SCF ubiquitin ligase complex [GO:0019005],,SKP1 EMC19 OCP2 SKP1A TCEB1L,
P63220,cytosol [GO:0005829]; cytosolic small ribosomal subunit [GO:0022627]; nucleoplasm [GO:0005654]; polysomal ribosome [GO:0042788]; rough endoplasmic reticulum [GO:0005791]; small ribosomal subunit [GO:0015935]; synapse [GO:0045202],"SUBCELLULAR LOCATION: Cytoplasm, cytosol {ECO:0000269|PubMed:25957688}. Cytoplasm {ECO:0000305|PubMed:23636399, ECO:0000305|PubMed:25901680}. Rough endoplasmic reticulum {ECO:0000250|UniProtKB:P63221}. Note=Detected on cytosolic polysomes (PubMed:25957688). Detected in ribosomes that are associated with the rough endoplasmic reticulum (By similarity). {ECO:0000250|UniProtKB:P63221, ECO:0000269|PubMed:25957688}.",RPS21,
P63279,cytoplasm [GO:0005737]; cytosol [GO:0005829]; nuclear envelope [GO:0005635]; nucleoplasm [GO:0005654]; nucleus [GO:0005634]; PML body [GO:0016605]; sumoylated E2 ligase complex [GO:1990356]; synaptonemal complex [GO:0000795]; transferase complex [GO:1990234],"SUBCELLULAR LOCATION: Nucleus. Cytoplasm. Note=Mainly nuclear. In spermatocytes, localizes in synaptonemal complexes. Recruited by BCL11A into the nuclear body (By similarity). {ECO:0000250}.",UBE2I UBC9 UBCE9,
P63313,cytoplasm [GO:0005737]; cytoskeleton [GO:0005856],"SUBCELLULAR LOCATION: Cytoplasm, cytoskeleton.",TMSB10 PTMB10 THYB10,
P68036,cytoplasm [GO:0005737]; cytosol [GO:0005829]; nucleoplasm [GO:0005654]; nucleus [GO:0005634]; ubiquitin ligase complex [GO:0000151],"SUBCELLULAR LOCATION: Nucleus {ECO:0000269|PubMed:11278816, ECO:0000269|PubMed:17003263}. Cytoplasm {ECO:0000269|PubMed:11278816, ECO:0000269|PubMed:17003263}.",UBE2L3 UBCE7 UBCH7,
P68363,cytoplasm [GO:0005737]; cytoplasmic microtubule [GO:0005881]; membrane raft [GO:0045121]; microtubule [GO:0005874]; microtubule cytoskeleton [GO:0015630],"SUBCELLULAR LOCATION: Cytoplasm, cytoskeleton.",TUBA1B,
P78527,"cytosol [GO:0005829]; DNA-dependent protein kinase-DNA ligase 4 complex [GO:0005958]; membrane [GO:0016020]; nonhomologous end joining complex [GO:0070419]; nuclear chromosome, telomeric region [GO:0000784]; nucleolus [GO:0005730]; nucleoplasm [GO:0005654]; nucleus [GO:0005634]; protein-containing complex [GO:0032991]; protein-DNA complex [GO:0032993]; transcription factor complex [GO:0005667]","SUBCELLULAR LOCATION: Nucleus {ECO:0000269|PubMed:12231622, ECO:0000269|PubMed:14734805, ECO:0000269|PubMed:22002106}. Nucleus, nucleolus {ECO:0000269|PubMed:22002106}.",PRKDC HYRC HYRC1,
P83881,cytosol [GO:0005829]; cytosolic large ribosomal subunit [GO:0022625]; endoplasmic reticulum [GO:0005783]; plasma membrane [GO:0005886]; polysomal ribosome [GO:0042788]; ribosome [GO:0005840],SUBCELLULAR LOCATION: Cytoplasm.,RPL36A RPL44 GIG15 MIG6,
P83916,"chromatin [GO:0000785]; chromocenter [GO:0010369]; chromosome, centromeric region [GO:0000775]; female pronucleus [GO:0001939]; male pronucleus [GO:0001940]; nuclear chromosome, telomeric region [GO:0000784]; nuclear heterochromatin [GO:0005720]; nucleoplasm [GO:0005654]; nucleus [GO:0005634]; pericentric heterochromatin [GO:0005721]; site of DNA damage [GO:0090734]; spindle [GO:0005819]","SUBCELLULAR LOCATION: Nucleus {ECO:0000269|PubMed:10460410, ECO:0000269|PubMed:9169582}. Note=Unassociated with chromosomes during mitosis.",CBX1 CBX,
P84090,methylosome [GO:0034709]; midbody [GO:0030496],,ERH,
P84098,cytosol [GO:0005829]; cytosolic large ribosomal subunit [GO:0022625]; focal adhesion [GO:0005925]; membrane [GO:0016020]; polysomal ribosome [GO:0042788]; synapse [GO:0045202],,RPL19,
P98179,cytoplasm [GO:0005737]; dendrite [GO:0030425]; nucleolus [GO:0005730]; nucleoplasm [GO:0005654]; nucleus [GO:0005634]; ribonucleoprotein complex [GO:1990904]; spliceosomal complex [GO:0005681],"SUBCELLULAR LOCATION: Nucleus {ECO:0000250}. Cytoplasm {ECO:0000250}. Cell projection, dendrite {ECO:0000250}. Note=Localizes in mRNA granules in dentrites. {ECO:0000250}.",RBM3 RNPL,
Q00688,nucleus [GO:0005634],SUBCELLULAR LOCATION: Nucleus.,FKBP3 FKBP25,
Q01105,cytoplasm [GO:0005737]; cytosol [GO:0005829]; endoplasmic reticulum [GO:0005783]; lipid droplet [GO:0005811]; nucleoplasm [GO:0005654]; nucleus [GO:0005634]; perinuclear region of cytoplasm [GO:0048471]; protein-containing complex [GO:0032991],"SUBCELLULAR LOCATION: Cytoplasm, cytosol. Endoplasmic reticulum. Nucleus, nucleoplasm. Note=In the cytoplasm, found both in the cytosol and associated with the endoplasmic reticulum. The SET complex is associated with the endoplasmic reticulum. Following CTL attack and cleavage by GZMA, moves rapidly to the nucleus, where it is found in the nucleoplasm, avoiding the nucleolus. Similar translocation to the nucleus is also observed for lymphocyte-activated killer cells after the addition of calcium.",SET,
Q01581,cytoplasm [GO:0005737]; cytosol [GO:0005829],SUBCELLULAR LOCATION: Cytoplasm.,HMGCS1 HMGCS,
Q02543,cytosol [GO:0005829]; cytosolic large ribosomal subunit [GO:0022625]; membrane [GO:0016020]; polysomal ribosome [GO:0042788],,RPL18A,
Q02878,cytoplasmic ribonucleoprotein granule [GO:0036464]; cytosol [GO:0005829]; cytosolic large ribosomal subunit [GO:0022625]; focal adhesion [GO:0005925]; membrane [GO:0016020]; nucleus [GO:0005634]; polysomal ribosome [GO:0042788]; postsynaptic density [GO:0014069]; rough endoplasmic reticulum [GO:0005791],"SUBCELLULAR LOCATION: Cytoplasm, cytosol {ECO:0000269|PubMed:25957688}. Cytoplasm {ECO:0000305|PubMed:23636399, ECO:0000305|PubMed:25901680}. Rough endoplasmic reticulum {ECO:0000250|UniProtKB:Q2YGT9}. Note=Detected on cytosolic polysomes (PubMed:25957688). Detected in ribosomes that are associated with the rough endoplasmic reticulum (By similarity). {ECO:0000250|UniProtKB:Q2YGT9, ECO:0000269|PubMed:25957688}.",RPL6 TXREB1,
Q02952,cell cortex [GO:0005938]; cytoplasm [GO:0005737]; cytoskeleton [GO:0005856]; cytosol [GO:0005829]; focal adhesion [GO:0005925]; neuronal cell body [GO:0043025]; plasma membrane [GO:0005886]; Schaffer collateral - CA1 synapse [GO:0098685],"SUBCELLULAR LOCATION: Cytoplasm, cell cortex {ECO:0000305}. Cytoplasm, cytoskeleton {ECO:0000305}. Membrane {ECO:0000305}; Lipid-anchor {ECO:0000305}. Note=May be part of the cortical cytoskeleton.",AKAP12 AKAP250,
Q03164,cytosol [GO:0005829]; histone methyltransferase complex [GO:0035097]; MLL1 complex [GO:0071339]; nucleoplasm [GO:0005654]; nucleus [GO:0005634],SUBCELLULAR LOCATION: Nucleus {ECO:0000269|PubMed:12482972}.; SUBCELLULAR LOCATION: MLL cleavage product N320: Nucleus.; SUBCELLULAR LOCATION: MLL cleavage product C180: Nucleus. Note=Localizes to a diffuse nuclear pattern when not associated with MLL cleavage product N320.,KMT2A ALL1 CXXC7 HRX HTRX MLL MLL1 TRX1,
Q05519,nuclear speck [GO:0016607]; nucleoplasm [GO:0005654]; nucleus [GO:0005634],SUBCELLULAR LOCATION: Nucleus. Note=Colocalizes with spliceosome components.,SRSF11 SFRS11,
Q05682,actin cap [GO:0030478]; actin cytoskeleton [GO:0015629]; cytoskeleton [GO:0005856]; cytosol [GO:0005829]; intracellular membrane-bounded organelle [GO:0043231]; myofibril [GO:0030016]; plasma membrane [GO:0005886],"SUBCELLULAR LOCATION: Cytoplasm, cytoskeleton {ECO:0000250|UniProtKB:P13505}. Cytoplasm, myofibril {ECO:0000250|UniProtKB:P13505}. Cytoplasm, cytoskeleton, stress fiber {ECO:0000250|UniProtKB:P13505}. Note=On thin filaments in smooth muscle and on stress fibers in fibroblasts (nonmuscle). {ECO:0000250|UniProtKB:P13505}.",CALD1 CAD CDM,
Q07020,cytosol [GO:0005829]; cytosolic large ribosomal subunit [GO:0022625]; endoplasmic reticulum [GO:0005783]; focal adhesion [GO:0005925]; membrane [GO:0016020]; nucleolus [GO:0005730]; nucleus [GO:0005634]; polysomal ribosome [GO:0042788]; rough endoplasmic reticulum [GO:0005791],"SUBCELLULAR LOCATION: Cytoplasm, cytosol {ECO:0000269|PubMed:25957688}. Cytoplasm {ECO:0000305|PubMed:23636399, ECO:0000305|PubMed:25901680}. Rough endoplasmic reticulum {ECO:0000250|UniProtKB:Q95342}. Note=Detected on cytosolic polysomes (PubMed:25957688). Detected in ribosomes that are associated with the rough endoplasmic reticulum (By similarity). {ECO:0000250|UniProtKB:Q95342, ECO:0000269|PubMed:25957688}.",RPL18,
Q08170,nuclear speck [GO:0016607]; nucleoplasm [GO:0005654]; nucleus [GO:0005634],SUBCELLULAR LOCATION: Nucleus speckle {ECO:0000269|PubMed:14578391}.,SRSF4 SFRS4 SRP75,
Q12765,cytoplasm [GO:0005737]; nuclear membrane [GO:0031965]; nucleus [GO:0005634],SUBCELLULAR LOCATION: Cytoplasm {ECO:0000250}.,SCRN1 KIAA0193,
Q12840,axon cytoplasm [GO:1904115]; ciliary rootlet [GO:0035253]; cytosol [GO:0005829]; dendrite cytoplasm [GO:0032839]; kinesin complex [GO:0005871]; membrane [GO:0016020]; microtubule [GO:0005874]; neuronal cell body [GO:0043025]; perinuclear region of cytoplasm [GO:0048471],"SUBCELLULAR LOCATION: Cytoplasm, perinuclear region {ECO:0000250}. Cytoplasm, cytoskeleton {ECO:0000250}. Note=Concentrated in the cell body of the neurons, particularly in the perinuclear region. {ECO:0000250}.",KIF5A NKHC1,
Q12873,centrosome [GO:0005813]; cytoplasm [GO:0005737]; microtubule organizing center [GO:0005815]; nucleolus [GO:0005730]; nucleoplasm [GO:0005654]; nucleus [GO:0005634]; NuRD complex [GO:0016581],"SUBCELLULAR LOCATION: Nucleus {ECO:0000269|PubMed:17626165}. Cytoplasm, cytoskeleton, microtubule organizing center, centrosome {ECO:0000269|PubMed:17626165}. Note=Associates with centrosomes in interphase and mitosis.",CHD3,
Q12874,catalytic step 2 spliceosome [GO:0071013]; nuclear speck [GO:0016607]; nucleoplasm [GO:0005654]; nucleus [GO:0005634]; spliceosomal complex [GO:0005681]; U2 snRNP [GO:0005686]; U2-type precatalytic spliceosome [GO:0071005],"SUBCELLULAR LOCATION: Nucleus speckle {ECO:0000269|PubMed:8022796}. Nucleus {ECO:0000269|PubMed:10882114, ECO:0000269|PubMed:21349847, ECO:0000269|PubMed:29360106, ECO:0000269|PubMed:30315277}.",SF3A3 SAP61,
Q12888,"condensed chromosome kinetochore [GO:0000777]; cytoplasm [GO:0005737]; DNA repair complex [GO:1990391]; nuclear body [GO:0016604]; nuclear chromosome, telomeric region [GO:0000784]; nucleoplasm [GO:0005654]; nucleus [GO:0005634]; replication fork [GO:0005657]; site of double-strand break [GO:0035861]","SUBCELLULAR LOCATION: Nucleus {ECO:0000269|PubMed:11331310, ECO:0000269|PubMed:15525939, ECO:0000269|PubMed:16294045, ECO:0000269|PubMed:16294047, ECO:0000269|PubMed:17190600, ECO:0000269|PubMed:19176521, ECO:0000269|PubMed:21144835, ECO:0000269|PubMed:28241136, ECO:0000269|PubMed:9748285}. Chromosome {ECO:0000269|PubMed:12824158, ECO:0000269|PubMed:15525939, ECO:0000269|PubMed:17190600, ECO:0000269|PubMed:23333306, ECO:0000269|PubMed:23760478, ECO:0000269|PubMed:24703952, ECO:0000269|PubMed:28241136}. Chromosome, centromere, kinetochore {ECO:0000250|UniProtKB:P70399}. Note=Localizes to the nucleus in absence of DNA damage (PubMed:28241136). Following DNA damage, recruited to sites of DNA damage, such as double stand breaks (DSBs): recognizes and binds histone H2A monoubiquitinated at 'Lys-15' (H2AK15Ub) and histone H4 dimethylated at 'Lys-20' (H4K20me2), two histone marks that are present at DSBs sites (PubMed:23333306, PubMed:23760478, PubMed:24703952, PubMed:28241136, PubMed:17190600). Associated with kinetochores during mitosis (By similarity). {ECO:0000250|UniProtKB:P70399, ECO:0000269|PubMed:17190600, ECO:0000269|PubMed:23333306, ECO:0000269|PubMed:23760478, ECO:0000269|PubMed:28241136}.",TP53BP1,
Q13185,"chromatin [GO:0000785]; chromosome, centromeric region [GO:0000775]; condensed chromosome, centromeric region [GO:0000779]; nuclear chromosome, telomeric region [GO:0000784]; nuclear envelope [GO:0005635]; nuclear euchromatin [GO:0005719]; nuclear heterochromatin [GO:0005720]; nuclear inner membrane [GO:0005637]; nuclear pericentric heterochromatin [GO:0031618]; nucleoplasm [GO:0005654]; nucleus [GO:0005634]; site of DNA damage [GO:0090734]; spindle [GO:0005819]",SUBCELLULAR LOCATION: Nucleus {ECO:0000305}. Note=Associates with euchromatin and is largely excluded from constitutive heterochromatin. May be associated with microtubules and mitotic poles during mitosis (Potential). {ECO:0000305}.,CBX3,
Q13263,chromatin [GO:0000785]; nuclear euchromatin [GO:0005719]; nuclear heterochromatin [GO:0005720]; nucleoplasm [GO:0005654]; nucleus [GO:0005634]; RNA polymerase II transcription factor complex [GO:0090575],"SUBCELLULAR LOCATION: Nucleus {ECO:0000269|PubMed:10330177, ECO:0000269|PubMed:17178852, ECO:0000269|PubMed:20858735, ECO:0000269|PubMed:23665872, ECO:0000269|PubMed:24741090, ECO:0000269|PubMed:9016654}. Note=Associated with centromeric heterochromatin during cell differentiation through CBX1. {ECO:0000250}.",TRIM28 KAP1 RNF96 TIF1B,
Q13283,cytoplasm [GO:0005737]; cytoplasmic stress granule [GO:0010494]; cytosol [GO:0005829]; focal adhesion [GO:0005925]; nucleus [GO:0005634]; perikaryon [GO:0043204]; ribonucleoprotein complex [GO:1990904],"SUBCELLULAR LOCATION: Cytoplasm, cytosol {ECO:0000269|PubMed:20180778, ECO:0000269|PubMed:30510222}. Perikaryon {ECO:0000250|UniProtKB:P97855}. Cytoplasm, Stress granule {ECO:0000269|PubMed:12642610, ECO:0000269|PubMed:17210633, ECO:0000269|PubMed:20180778, ECO:0000269|PubMed:23953116, ECO:0000269|PubMed:30404792}. Nucleus {ECO:0000269|PubMed:11604510}. Note=Cytoplasmic in proliferating cells (PubMed:11604510). Cytosolic and partially nuclear in resting cells (PubMed:11604510). Recruited to stress granules in response to arsenite treatment (PubMed:12642610, PubMed:20180778). The unphosphorylated form is recruited to stress granules (PubMed:12642610). HRAS signaling contributes to this process by regulating G3BP dephosphorylation (PubMed:12642610). {ECO:0000269|PubMed:11604510, ECO:0000269|PubMed:12642610, ECO:0000269|PubMed:20180778}.",G3BP1 G3BP,
Q13422,cytoplasm [GO:0005737]; nuclear pericentric heterochromatin [GO:0031618]; nucleoplasm [GO:0005654]; nucleus [GO:0005634]; protein-containing complex [GO:0032991],"SUBCELLULAR LOCATION: Nucleus {ECO:0000269|PubMed:17135265, ECO:0000269|PubMed:21548011, ECO:0000269|PubMed:22106042, ECO:0000269|PubMed:23071339}. Note=In resting lymphocytes, distributed diffusely throughout the nucleus. Localizes to pericentromeric heterochromatin in proliferating cells. This localization requires DNA binding which is regulated by phosphorylation / dephosphorylation events. {ECO:0000269|PubMed:17135265, ECO:0000269|PubMed:22106042}.; SUBCELLULAR LOCATION: Isoform Ik2: Nucleus. Note=In resting lymphocytes, distributed diffusely throughout the nucleus. Localizes to pericentromeric heterochromatin in proliferating cells. This localization requires DNA binding which is regulated by phosphorylation / dephosphorylation events (By similarity). {ECO:0000250}.; SUBCELLULAR LOCATION: Isoform Ik6: Cytoplasm {ECO:0000250}.",IKZF1 IK1 IKAROS LYF1 ZNFN1A1,
Q13428,cytosol [GO:0005829]; fibrillar center [GO:0001650]; nucleolus [GO:0005730]; nucleus [GO:0005634],"SUBCELLULAR LOCATION: Nucleus, nucleolus {ECO:0000269|PubMed:12777385}.",TCOF1,
Q13435,catalytic step 2 spliceosome [GO:0071013]; nuclear speck [GO:0016607]; nucleoplasm [GO:0005654]; nucleus [GO:0005634]; spliceosomal complex [GO:0005681]; U12-type spliceosomal complex [GO:0005689]; U2 snRNP [GO:0005686]; U2-type precatalytic spliceosome [GO:0071005],"SUBCELLULAR LOCATION: Nucleus {ECO:0000269|PubMed:27720643, ECO:0000269|PubMed:28541300}. Nucleus speckle {ECO:0000269|PubMed:16923959}.",SF3B2 SAP145,
Q13541,cytoplasm [GO:0005737]; cytosol [GO:0005829]; glutamatergic synapse [GO:0098978]; nucleus [GO:0005634]; postsynaptic cytosol [GO:0099524]; protein-containing complex [GO:0032991],,EIF4EBP1,
Q13616,cullin-RING ubiquitin ligase complex [GO:0031461]; cytosol [GO:0005829]; nucleoplasm [GO:0005654]; Parkin-FBXW7-Cul1 ubiquitin ligase complex [GO:1990452]; SCF ubiquitin ligase complex [GO:0019005],,CUL1,
Q13838,cytoplasm [GO:0005737]; nuclear matrix [GO:0016363]; nuclear speck [GO:0016607]; nucleoplasm [GO:0005654]; nucleus [GO:0005634]; spliceosomal complex [GO:0005681]; transcription export complex [GO:0000346],SUBCELLULAR LOCATION: Nucleus. Nucleus speckle. Cytoplasm. Note=Can translocate to the cytoplasm in the presence of MX1. TREX complex assembly seems to occur in regions surrounding nuclear speckles known as perispeckles.,DDX39B BAT1 UAP56,
Q13907,cytosol [GO:0005829]; peroxisome [GO:0005777],SUBCELLULAR LOCATION: Peroxisome {ECO:0000250|UniProtKB:O35586}.,IDI1,
Q14011,cytoplasm [GO:0005737]; cytoplasmic stress granule [GO:0010494]; nucleolus [GO:0005730]; nucleoplasm [GO:0005654]; nucleus [GO:0005634]; ribonucleoprotein complex [GO:1990904]; spliceosomal complex [GO:0005681],"SUBCELLULAR LOCATION: Nucleus, nucleoplasm {ECO:0000269|PubMed:11574538}. Cytoplasm {ECO:0000269|PubMed:11574538}. Note=Translocates from the nucleus to the cytoplasm after exposure to UV radiation. Translocates from the nucleus to the cytoplasm into stress granules upon various cytoplasmic stresses, such as osmotic and heat shocks. Its recruitment into stress granules occurs in the absence of TIAR proteins (By similarity). {ECO:0000250}.",CIRBP A18HNRNP CIRP,
Q14103,cytosol [GO:0005829]; nucleoplasm [GO:0005654]; nucleus [GO:0005634]; ribonucleoprotein complex [GO:1990904]; synapse [GO:0045202],SUBCELLULAR LOCATION: Nucleus. Cytoplasm. Note=Localized in cytoplasmic mRNP granules containing untranslated mRNAs. Component of ribonucleosomes. Cytoplasmic localization oscillates diurnally.,HNRNPD AUF1 HNRPD,
Q14203,axon [GO:0030424]; cell cortex [GO:0005938]; cell cortex region [GO:0099738]; centriolar subdistal appendage [GO:0120103]; centriole [GO:0005814]; centrosome [GO:0005813]; cytoplasm [GO:0005737]; cytosol [GO:0005829]; dynein complex [GO:0030286]; intermediate filament cytoskeleton [GO:0045111]; kinetochore [GO:0000776]; membrane [GO:0016020]; microtubule [GO:0005874]; microtubule associated complex [GO:0005875]; microtubule plus-end [GO:0035371]; neuronal cell body [GO:0043025]; neuron projection [GO:0043005]; nuclear envelope [GO:0005635]; spindle [GO:0005819]; spindle pole [GO:0000922],"SUBCELLULAR LOCATION: Cytoplasm {ECO:0000269|PubMed:17828277}. Cytoplasm, cytoskeleton {ECO:0000269|PubMed:17828277, ECO:0000269|PubMed:22777741, ECO:0000269|PubMed:25774020, ECO:0000269|PubMed:26972003}. Cytoplasm, cytoskeleton, microtubule organizing center, centrosome {ECO:0000269|PubMed:14654843, ECO:0000269|PubMed:20719959, ECO:0000269|PubMed:23985322, ECO:0000269|PubMed:25774020}. Cytoplasm, cytoskeleton, microtubule organizing center, centrosome, centriole {ECO:0000269|PubMed:23386061, ECO:0000269|PubMed:25774020}. Cytoplasm, cytoskeleton, spindle {ECO:0000269|PubMed:25774020}. Nucleus envelope {ECO:0000269|PubMed:20679239}. Cytoplasm, cell cortex {ECO:0000269|PubMed:22327364}. Note=Localizes to microtubule plus ends (PubMed:17828277, PubMed:22777741, PubMed:25774020). Localizes preferentially to the ends of tyrosinated microtubules (PubMed:26972003). Localization at centrosome is regulated by SLK-dependent phosphorylation (PubMed:23985322). Localizes to centrosome in a PARKDA-dependent manner (PubMed:20719959). Localizes to the subdistal appendage region of the centriole in a KIF3A-dependent manner (PubMed:23386061). PLK1-mediated phosphorylation at Ser-179 is essential for its localization in the nuclear envelope (PubMed:20679239). {ECO:0000269|PubMed:17828277, ECO:0000269|PubMed:20679239, ECO:0000269|PubMed:20719959, ECO:0000269|PubMed:22777741, ECO:0000269|PubMed:23386061, ECO:0000269|PubMed:23985322, ECO:0000269|PubMed:25774020, ECO:0000269|PubMed:26972003}.",DCTN1,
Q14566,"MCM complex [GO:0042555]; nuclear chromosome, telomeric region [GO:0000784]; nucleoplasm [GO:0005654]; nucleus [GO:0005634]",SUBCELLULAR LOCATION: Nucleus. Note=Binds to chromatin during G1 and detach from it during S phase.,MCM6,
Q14847,cortical actin cytoskeleton [GO:0030864]; cytoplasm [GO:0005737]; focal adhesion [GO:0005925],"SUBCELLULAR LOCATION: Cytoplasm, cell cortex {ECO:0000250}. Cytoplasm, cytoskeleton {ECO:0000250}. Note=Associated with the F-actin rich cortical cytoskeleton. {ECO:0000250}.",LASP1 MLN50,
Q14978,box C/D snoRNP complex [GO:0031428]; box H/ACA snoRNP complex [GO:0031429]; Cajal body [GO:0015030]; cytoplasm [GO:0005737]; fibrillar center [GO:0001650]; nucleolus [GO:0005730]; nucleoplasm [GO:0005654],"SUBCELLULAR LOCATION: Nucleus, nucleolus {ECO:0000269|PubMed:7657714}. Cytoplasm {ECO:0000269|PubMed:7657714}. Note=Shuttles between the nucleolus and the cytoplasm. At telophase it begins to assemble into granular-like pre-nucleolar bodies which are subsequently relocated to nucleoli at the early G1-phase. {ECO:0000269|PubMed:7657714}.",NOLC1 KIAA0035 NS5ATP13,
Q15029,Cajal body [GO:0015030]; catalytic step 2 spliceosome [GO:0071013]; cytosol [GO:0005829]; membrane [GO:0016020]; nuclear speck [GO:0016607]; nucleoplasm [GO:0005654]; nucleus [GO:0005634]; ribonucleoprotein complex [GO:1990904]; U2-type catalytic step 2 spliceosome [GO:0071007]; U2-type precatalytic spliceosome [GO:0071005]; U4/U6 x U5 tri-snRNP complex [GO:0046540],"SUBCELLULAR LOCATION: Nucleus {ECO:0000269|PubMed:20858735, ECO:0000269|PubMed:26912367, ECO:0000269|PubMed:28076346, ECO:0000269|PubMed:28502770, ECO:0000269|PubMed:28781166, ECO:0000269|PubMed:29301961, ECO:0000269|PubMed:29360106, ECO:0000269|PubMed:29361316, ECO:0000269|PubMed:30315277, ECO:0000269|PubMed:30705154}.",EFTUD2 KIAA0031 SNRP116,
Q15056,cytosol [GO:0005829]; eukaryotic translation initiation factor 4F complex [GO:0016281]; membrane [GO:0016020]; perinuclear region of cytoplasm [GO:0048471]; polysome [GO:0005844],"SUBCELLULAR LOCATION: Cytoplasm, perinuclear region {ECO:0000250}.",EIF4H KIAA0038 WBSCR1 WSCR1,
Q15121,cytosol [GO:0005829]; microtubule associated complex [GO:0005875]; nucleus [GO:0005634],SUBCELLULAR LOCATION: Cytoplasm. Note=Associated with microtubules.,PEA15,
Q15147,cytosol [GO:0005829]; dendrite [GO:0030425]; glutamatergic synapse [GO:0098978]; nucleus [GO:0005634]; parallel fiber to Purkinje cell synapse [GO:0098688]; postsynaptic density [GO:0014069]; smooth endoplasmic reticulum [GO:0005790],,PLCB4,
Q15185,"chaperone complex [GO:0101031]; chromosome, telomeric region [GO:0000781]; cytoplasm [GO:0005737]; cytosol [GO:0005829]; nucleoplasm [GO:0005654]; nucleus [GO:0005634]; protein-containing complex [GO:0032991]; telomerase holoenzyme complex [GO:0005697]",SUBCELLULAR LOCATION: Cytoplasm {ECO:0000250|UniProtKB:Q3ZBF7}.,PTGES3 P23 TEBP,
Q15233,membrane [GO:0016020]; nuclear matrix [GO:0016363]; nuclear speck [GO:0016607]; nucleolus [GO:0005730]; nucleoplasm [GO:0005654]; nucleus [GO:0005634]; paraspeckles [GO:0042382]; RNA polymerase II transcription factor complex [GO:0090575],"SUBCELLULAR LOCATION: Nucleus. Nucleus, nucleolus. Nucleus speckle. Note=Detected in punctate subnuclear structures often located adjacent to splicing speckles, called paraspeckles.",NONO NRB54,
Q15369,cytosol [GO:0005829]; elongin complex [GO:0070449]; nucleoplasm [GO:0005654],SUBCELLULAR LOCATION: Nucleus {ECO:0000305}.,ELOC TCEB1,
Q15370,Cul2-RING ubiquitin ligase complex [GO:0031462]; Cul5-RING ubiquitin ligase complex [GO:0031466]; cytosol [GO:0005829]; elongin complex [GO:0070449]; nucleoplasm [GO:0005654]; VCB complex [GO:0030891],SUBCELLULAR LOCATION: Nucleus {ECO:0000305}.,ELOB TCEB2,
Q15393,catalytic step 2 spliceosome [GO:0071013]; nucleolus [GO:0005730]; nucleoplasm [GO:0005654]; nucleus [GO:0005634]; U12-type spliceosomal complex [GO:0005689]; U2-type precatalytic spliceosome [GO:0071005],"SUBCELLULAR LOCATION: Nucleus {ECO:0000269|PubMed:10490618, ECO:0000269|PubMed:11564863, ECO:0000269|PubMed:27720643, ECO:0000269|PubMed:28541300, ECO:0000269|PubMed:28781166}.",SF3B3 KIAA0017 SAP130,
Q15424,nucleoplasm [GO:0005654]; nucleus [GO:0005634],SUBCELLULAR LOCATION: Nucleus {ECO:0000269|PubMed:19674106}.,SAFB HAP HET SAFB1,
Q15428,catalytic step 2 spliceosome [GO:0071013]; nuclear speck [GO:0016607]; nucleoplasm [GO:0005654]; nucleus [GO:0005634]; spliceosomal complex [GO:0005681]; U2 snRNP [GO:0005686]; U2-type precatalytic spliceosome [GO:0071005]; U2-type prespliceosome [GO:0071004],"SUBCELLULAR LOCATION: Nucleus {ECO:0000255|PROSITE-ProRule:PRU00130, ECO:0000269|PubMed:10882114, ECO:0000269|PubMed:21349847, ECO:0000269|PubMed:29360106, ECO:0000269|PubMed:29361316, ECO:0000269|PubMed:30315277}.",SF3A2 SAP62,
Q15459,catalytic step 2 spliceosome [GO:0071013]; nuclear speck [GO:0016607]; nucleoplasm [GO:0005654]; nucleus [GO:0005634]; spliceosomal complex [GO:0005681]; U2 snRNP [GO:0005686]; U2-type precatalytic spliceosome [GO:0071005]; U2-type prespliceosome [GO:0071004]; U2-type spliceosomal complex [GO:0005684],"SUBCELLULAR LOCATION: Nucleus {ECO:0000269|PubMed:10882114, ECO:0000269|PubMed:29360106, ECO:0000269|PubMed:30315277}. Nucleus speckle {ECO:0000269|PubMed:21349847}.",SF3A1 SAP114,
Q15631,cytoplasm [GO:0005737]; cytosol [GO:0005829]; nucleus [GO:0005634],SUBCELLULAR LOCATION: Cytoplasm {ECO:0000269|PubMed:11801738}. Nucleus {ECO:0000269|PubMed:11801738}.,TSN,
Q15717,cytoplasm [GO:0005737]; cytoplasmic stress granule [GO:0010494]; cytosol [GO:0005829]; glutamatergic synapse [GO:0098978]; membrane [GO:0016020]; nucleoplasm [GO:0005654]; nucleus [GO:0005634]; postsynapse [GO:0098794]; ribonucleoprotein complex [GO:1990904],"SUBCELLULAR LOCATION: Cytoplasm {ECO:0000269|PubMed:14517288, ECO:0000269|PubMed:17632515, ECO:0000269|PubMed:18285462, ECO:0000269|PubMed:19029303}. Nucleus {ECO:0000269|PubMed:14517288, ECO:0000269|PubMed:17632515, ECO:0000269|PubMed:18285462}. Cytoplasm, Stress granule {ECO:0000250|UniProtKB:P70372}. Note=Translocates into the cytoplasm following phosphorylation by MAPKAPK2 (PubMed:14517288). Likewise, phosphorylation by PRKCD promotes translocation from the nucleus into the cytoplasm, where it is associated with free and cytoskeleton-bound polysomes (PubMed:18285462).Localizes to the stress granules in the presence of PLEKHN1 (By similarity). {ECO:0000250|UniProtKB:P70372, ECO:0000269|PubMed:14517288, ECO:0000269|PubMed:18285462}.",ELAVL1 HUR,
Q16576,cytosol [GO:0005829]; ESC/E(Z) complex [GO:0035098]; nucleoplasm [GO:0005654]; nucleus [GO:0005634]; NuRD complex [GO:0016581],SUBCELLULAR LOCATION: Nucleus.,RBBP7 RBAP46,
Q1KMD3,membrane [GO:0016020]; nucleoplasm [GO:0005654]; nucleus [GO:0005634],SUBCELLULAR LOCATION: Nucleus {ECO:0000250|UniProtKB:Q00PI9}.,HNRNPUL2 HNRPUL2,
Q32MZ4,cytoplasm [GO:0005737]; cytoskeleton [GO:0005856]; cytosol [GO:0005829]; nucleus [GO:0005634]; plasma membrane [GO:0005886],SUBCELLULAR LOCATION: Nucleus. Cytoplasm.,LRRFIP1 GCF2 TRIP,
Q4AC94,centriolar satellite [GO:0034451]; centriole [GO:0005814]; centrosome [GO:0005813]; ciliary basal body [GO:0036064]; cytosol [GO:0005829],"SUBCELLULAR LOCATION: Cytoplasm, cytoskeleton, cilium basal body {ECO:0000250}. Cytoplasm, cytoskeleton, microtubule organizing center, centrosome, centriole {ECO:0000269|PubMed:23769972, ECO:0000269|PubMed:24997988}. Note=Localizes to centrioles and procentrioles both in interphase and mitosis. Localizes to centriolar satellites, localization is dependent on PCM1 and dynein-mediated retrograde transport. Also localizes to the distal ends of the mother and daughter centrioles.",C2CD3,
Q59H18,cytoplasm [GO:0005737]; nucleus [GO:0005634],SUBCELLULAR LOCATION: Nucleus {ECO:0000269|PubMed:12721663}. Cytoplasm {ECO:0000269|PubMed:12721663}. Note=Expressed at lower levels in the cytoplasm.,TNNI3K CARK,
Q5H9F3,nucleoplasm [GO:0005654]; plasma membrane [GO:0005886],SUBCELLULAR LOCATION: Nucleus {ECO:0000269|PubMed:17379597}.,BCORL1,
Q5K651,cytoplasm [GO:0005737]; cytosol [GO:0005829]; intracellular membrane-bounded organelle [GO:0043231],"SUBCELLULAR LOCATION: Cytoplasm {ECO:0000269|PubMed:16960814, ECO:0000269|PubMed:17407603}.",SAMD9 C7orf5 DRIF1 KIAA2004 OEF1,
Q5SWL7,cytoplasm [GO:0005737],,PRAMEF14,
Q5TDH0,chromosome [GO:0005694]; cytosol [GO:0005829]; nucleoplasm [GO:0005654],"SUBCELLULAR LOCATION: Cytoplasm, cytosol {ECO:0000305|PubMed:27528193}. Chromosome {ECO:0000269|PubMed:29290612}.",DDI2,
Q6AW86,nucleus [GO:0005634],SUBCELLULAR LOCATION: Nucleus {ECO:0000305}.,ZNF324B,
Q6P1N9,nucleoplasm [GO:0005654],SUBCELLULAR LOCATION: Nucleus {ECO:0000305}.,TATDN1 CDA11,
Q6PKG0,cytoplasm [GO:0005737]; cytoplasmic stress granule [GO:0010494]; membrane [GO:0016020],"SUBCELLULAR LOCATION: Cytoplasm {ECO:0000269|PubMed:20430826, ECO:0000269|PubMed:24532714, ECO:0000269|PubMed:28650797}. Cytoplasmic granule {ECO:0000269|PubMed:24532714, ECO:0000269|PubMed:25940091}. Note=Colocalizes with RPTOR and PABPC1 in cytoplasmic granules that resemble stress granules. {ECO:0000269|PubMed:24532714, ECO:0000269|PubMed:25940091}.",LARP1 KIAA0731 LARP,
Q6TFL4,adherens junction [GO:0005912]; axon [GO:0030424]; Cul3-RING ubiquitin ligase complex [GO:0031463]; cytoplasm [GO:0005737]; desmosome [GO:0030057]; perikaryon [GO:0043204],"SUBCELLULAR LOCATION: Perikaryon. Cell projection, axon {ECO:0000250|UniProtKB:Q56A24}. Cytoplasm {ECO:0000250|UniProtKB:Q56A24, ECO:0000269|PubMed:27889062}. Cell junction, desmosome {ECO:0000269|PubMed:27889062}. Cell junction, adherens junction {ECO:0000269|PubMed:27889062}.",KLHL24 DRE1,
Q6ZP01,cytoplasm [GO:0005737]; intercellular bridge [GO:0045171],SUBCELLULAR LOCATION: Cytoplasm {ECO:0000250}. Note=Detected in the intercellular bridges. {ECO:0000250}.,RBM44,
Q76N89,cytoplasm [GO:0005737]; cytosol [GO:0005829],SUBCELLULAR LOCATION: Cytoplasm {ECO:0000269|PubMed:14684739}.,HECW1 KIAA0322 NEDL1,
Q7L2H7,"cytosol [GO:0005829]; eukaryotic 43S preinitiation complex [GO:0016282]; eukaryotic 48S preinitiation complex [GO:0033290]; eukaryotic translation initiation factor 3 complex [GO:0005852]; eukaryotic translation initiation factor 3 complex, eIF3m [GO:0071541]",SUBCELLULAR LOCATION: Cytoplasm {ECO:0000255|HAMAP-Rule:MF_03012}.,EIF3M HFLB5 PCID1 GA17 PNAS-125,
Q7Z460,basal cortex [GO:0045180]; cell cortex [GO:0005938]; centrosomal corona [GO:0031592]; centrosome [GO:0005813]; condensed chromosome kinetochore [GO:0000777]; cortical microtubule cytoskeleton [GO:0030981]; cytoplasmic microtubule [GO:0005881]; cytosol [GO:0005829]; Golgi apparatus [GO:0005794]; kinetochore [GO:0000776]; kinetochore microtubule [GO:0005828]; membrane [GO:0016020]; microtubule plus-end [GO:0035371]; spindle microtubule [GO:0005876],"SUBCELLULAR LOCATION: Cytoplasm, cytoskeleton. Cytoplasm, cytoskeleton, microtubule organizing center, centrosome {ECO:0000269|PubMed:14654843}. Chromosome, centromere, kinetochore. Cytoplasm, cytoskeleton, spindle. Golgi apparatus, trans-Golgi network {ECO:0000305}. Note=Localizes to microtubule plus ends. Localizes to centrosomes, kinetochores and the mitotic spindle from prometaphase. Subsequently localizes to the spindle midzone from anaphase and to the midbody from telophase. In migrating cells localizes to the plus ends of microtubules within the cell body and to the entire microtubule lattice within the lamella. Localizes to the cell cortex and this requires ERC1 and PHLDB2.",CLASP1 KIAA0622 MAST1,
Q7Z4K8,axon cytoplasm [GO:1904115]; axon initial segment [GO:0043194]; cytoskeleton [GO:0005856]; main axon [GO:0044304]; proximal neuron projection [GO:1990769],"SUBCELLULAR LOCATION: Cell projection, axon {ECO:0000250|UniProtKB:Q7TNM2}. Cytoplasm, cytoskeleton {ECO:0000250|UniProtKB:Q7TNM2}. Note=Microtubule-associated. Localizes to the proximal part of the axon. {ECO:0000250|UniProtKB:Q7TNM2}.",TRIM46 TRIFIC,
Q8IUG5,filamentous actin [GO:0031941]; nucleus [GO:0005634]; unconventional myosin complex [GO:0016461]; Z disc [GO:0030018],"SUBCELLULAR LOCATION: Cytoplasm. Nucleus. Cytoplasm, myofibril, sarcomere. Note=Punctate pattern in undifferentiated myoblasts. Nuclear, on primary cardiomyocytes and adult muscle. A partial sarcomeric location was found in some cardiomyocytes.",MYO18B,
Q8IVM0,cytosol [GO:0005829],SUBCELLULAR LOCATION: Cytoplasm. Note=Associated with microtubules of the cytoskeleton and mitotic apparatus. {ECO:0000250}.,CCDC50 C3orf6,
Q8IWB7,cytosol [GO:0005829]; early endosome [GO:0005769]; nucleus [GO:0005634],"SUBCELLULAR LOCATION: Early endosome {ECO:0000269|PubMed:11739631, ECO:0000269|PubMed:25736436}.",WDFY1 FENS1 KIAA1435 WDF1 ZFYVE17,
Q8IWS0,condensed chromosome kinetochore [GO:0000777]; nucleolus [GO:0005730]; nucleoplasm [GO:0005654]; nucleus [GO:0005634],"SUBCELLULAR LOCATION: Nucleus. Nucleus, nucleolus. Chromosome, centromere, kinetochore {ECO:0000269|PubMed:20813266}. Note=Nuclear, it particularly localizes to the nucleolus.",PHF6 CENP-31 KIAA1823,
Q8IYH5,Ada2/Gcn5/Ada3 transcription activator complex [GO:0005671]; nucleolus [GO:0005730]; nucleus [GO:0005634],SUBCELLULAR LOCATION: Nucleus {ECO:0000255|PROSITE-ProRule:PRU00625}.,ZZZ3,
Q8N3X1,nuclear speck [GO:0016607],,FNBP4 FBP30 KIAA1014,
Q8N6G2,cytoplasm [GO:0005737],,TEX26 C13orf26,
Q8N8S7,cell junction [GO:0030054]; cytoskeleton [GO:0005856]; cytosol [GO:0005829]; filopodium [GO:0030175]; focal adhesion [GO:0005925]; lamellipodium [GO:0030027]; plasma membrane [GO:0005886]; synapse [GO:0045202],"SUBCELLULAR LOCATION: Cytoplasm. Cytoplasm, cytoskeleton {ECO:0000250}. Cell projection, lamellipodium {ECO:0000250}. Cell projection, filopodium {ECO:0000250}. Cell junction, synapse {ECO:0000250}. Cell junction, focal adhesion. Note=Targeted to the leading edge of lamellipodia and filopodia by MRL family members. Colocalizes at filopodial tips with a number of other proteins including vinculin and zyxlin. Colocalizes with N-WASP at the leading edge. Colocalizes with GPHN and PFN at synapses (By similarity). {ECO:0000250}.",ENAH MENA,
Q8ND04,cytosol [GO:0005829],,SMG8 ABC2 C17orf71,
Q8NDH3,cytoplasm [GO:0005737]; nucleus [GO:0005634],,NPEPL1 KIAA1974,
Q8NDQ6,cytoplasm [GO:0005737]; cytosol [GO:0005829]; intracellular membrane-bounded organelle [GO:0043231]; nucleoplasm [GO:0005654]; nucleus [GO:0005634],SUBCELLULAR LOCATION: Nucleus {ECO:0000269|PubMed:16815308}. Cytoplasm {ECO:0000269|PubMed:16815308}.,ZNF540 Nbla10512,
Q8WTS1,cytosol [GO:0005829]; lipid droplet [GO:0005811],"SUBCELLULAR LOCATION: Cytoplasm {ECO:0000269|PubMed:18832586}. Lipid droplet {ECO:0000250|UniProtKB:Q9DBL9}. Cytoplasm, cytosol {ECO:0000250|UniProtKB:Q9DBL9}. Note=Colocalized with PLIN and ADRP on the surface of lipid droplets. The localization is dependent upon the metabolic status of the adipocytes and the activity of PKA (By similarity). {ECO:0000250}.",ABHD5 NCIE2 CGI-58,
Q8WW12,nuclear body [GO:0016604]; nucleus [GO:0005634],SUBCELLULAR LOCATION: Nucleus {ECO:0000269|PubMed:12176013}.,PCNP,
Q8WWM9,cytosol [GO:0005829]; neuronal cell body [GO:0043025]; neuron projection [GO:0043005]; nuclear speck [GO:0016607],SUBCELLULAR LOCATION: Cytoplasm {ECO:0000250}.,CYGB STAP,
Q8WYL5,cleavage furrow [GO:0032154]; cytoplasm [GO:0005737]; cytoskeleton [GO:0005856]; cytosol [GO:0005829]; growth cone [GO:0030426]; lamellipodium [GO:0030027]; midbody [GO:0030496]; plasma membrane [GO:0005886],"SUBCELLULAR LOCATION: Cytoplasm, cytoskeleton. Cell projection, lamellipodium. Cleavage furrow. Midbody. Note=Also recruited to actin rich membrane protrusions such as lamellipodia, which may allow local control of actin dynamics at sites of cell locomotion. Also localized to the cleavage furrow and the midbody during cytokinesis.",SSH1 KIAA1298 SSH1L,
Q92945,cytoplasmic stress granule [GO:0010494]; cytosol [GO:0005829]; membrane [GO:0016020]; nucleoplasm [GO:0005654],SUBCELLULAR LOCATION: Nucleus {ECO:0000269|PubMed:19198587}. Cytoplasm {ECO:0000269|PubMed:19198587}. Note=A small proportion is also found in the cytoplasm of neuronal cell bodies and dendrites. {ECO:0000250}.,KHSRP FUBP2,
Q969E4,nucleus [GO:0005634],SUBCELLULAR LOCATION: Nucleus {ECO:0000305}.,TCEAL3 MSTP072,
Q96AE4,nucleoplasm [GO:0005654]; nucleus [GO:0005634],SUBCELLULAR LOCATION: Nucleus {ECO:0000305}.,FUBP1,
Q96C19,membrane raft [GO:0045121],SUBCELLULAR LOCATION: Membrane raft {ECO:0000250}. Note=In a mouse immature B-cell line WEHI-231. {ECO:0000250}.,EFHD2 SWS1,
Q96CT7,cytosol [GO:0005829]; microtubule organizing center [GO:0005815]; midbody [GO:0030496]; plasma membrane [GO:0005886],"SUBCELLULAR LOCATION: Cytoplasm, cytoskeleton, microtubule organizing center, centrosome {ECO:0000269|PubMed:23894443}. Midbody {ECO:0000269|PubMed:23894443}. Note=Colocalizes with gamma-tubulin at interphase, prophase, metaphase, and anaphase. Relocates from centrosome to midbody at telophase.",CCDC124,
Q96EP0,CD40 receptor complex [GO:0035631]; cytoplasmic side of plasma membrane [GO:0009898]; cytosol [GO:0005829]; LUBAC complex [GO:0071797],SUBCELLULAR LOCATION: Cytoplasm {ECO:0000250|UniProtKB:Q924T7}.,RNF31 ZIBRA,
Q96JM2,nucleus [GO:0005634],"SUBCELLULAR LOCATION: Nucleus {ECO:0000269|PubMed:20219459, ECO:0000269|PubMed:21570965}.",ZNF462 KIAA1803,
Q96T88,euchromatin [GO:0000791]; heterochromatin [GO:0000792]; nuclear chromatin [GO:0000790]; nuclear heterochromatin [GO:0005720]; nuclear matrix [GO:0016363]; nucleus [GO:0005634]; replication fork [GO:0005657],"SUBCELLULAR LOCATION: Nucleus {ECO:0000255|PROSITE-ProRule:PRU00358, ECO:0000269|PubMed:10646863, ECO:0000269|PubMed:17673620, ECO:0000269|PubMed:17967883, ECO:0000269|PubMed:19056828, ECO:0000269|PubMed:21777816}. Note=Localizes to replication foci. Enriched in pericentric heterochromatin. Also localizes to euchromatic regions.",UHRF1 ICBP90 NP95 RNF106,
Q99598,cytoplasm [GO:0005737]; cytosol [GO:0005829]; Golgi apparatus [GO:0005794]; nucleus [GO:0005634]; perinuclear region of cytoplasm [GO:0048471],"SUBCELLULAR LOCATION: Cytoplasm, perinuclear region. Golgi apparatus {ECO:0000250}. Nucleus. Note=Accumulate in the Golgi complex of mid-late pachytene spermatocytes (By similarity). Expressed in the cytoplasm in the presence of TSN. {ECO:0000250}.",TSNAX TRAX,
Q99683,cytosol [GO:0005829]; external side of plasma membrane [GO:0009897]; IRE1-TRAF2-ASK1 complex [GO:1990604]; protein-containing complex [GO:0032991]; protein kinase complex [GO:1902911],SUBCELLULAR LOCATION: Cytoplasm. Endoplasmic reticulum. Note=Interaction with 14-3-3 proteins alters the distribution of MAP3K5/ASK1 and restricts it to the perinuclear endoplasmic reticulum region.,MAP3K5 ASK1 MAPKKK5 MEKK5,
Q99708,intracellular membrane-bounded organelle [GO:0043231]; nucleoplasm [GO:0005654]; nucleus [GO:0005634]; site of double-strand break [GO:0035861]; transcriptional repressor complex [GO:0017053],"SUBCELLULAR LOCATION: Nucleus {ECO:0000269|PubMed:10764811, ECO:0000269|PubMed:17965729, ECO:0000269|PubMed:23623683}. Chromosome {ECO:0000269|PubMed:10764811, ECO:0000269|PubMed:16818604, ECO:0000269|PubMed:29042561}. Note=Associates with sites of DNA damage in S/G2 phase (PubMed:10764811, PubMed:25349192). Ubiquitinated RBBP8 binds to chromatin following DNA damage (PubMed:16818604). {ECO:0000269|PubMed:10764811, ECO:0000269|PubMed:16818604, ECO:0000269|PubMed:25349192}.",RBBP8 CTIP,
Q99729,cytoplasm [GO:0005737]; nucleoplasm [GO:0005654]; nucleus [GO:0005634]; ribonucleoprotein complex [GO:1990904]; RNA polymerase II transcription factor complex [GO:0090575],SUBCELLULAR LOCATION: Nucleus {ECO:0000269|PubMed:17289661}. Cytoplasm {ECO:0000269|PubMed:17289661}. Note=Localized in cytoplasmic mRNP granules containing untranslated mRNAs.,HNRNPAB ABBP1 HNRPAB,
Q99733,cytoplasm [GO:0005737]; nucleus [GO:0005634],"SUBCELLULAR LOCATION: Nucleus {ECO:0000269|PubMed:10764593, ECO:0000269|PubMed:9325046}. Cytoplasm {ECO:0000269|PubMed:10764593, ECO:0000269|PubMed:9325046}. Note=Present in the cytoplasm and excluded from the nucleus during G0/G1 phase, then relocates to the nucleus by the time cells are in S phase (PubMed:9325046). Phosphorylated form localizes in the cytoplasm during the G0/G1 transition, whereas dephosphorylation leads to relocalization into the nucleus at the G1/S-boundary (PubMed:10764593). {ECO:0000269|PubMed:10764593, ECO:0000269|PubMed:9325046}.",NAP1L4 NAP2,
Q99996,centrosome [GO:0005813]; cis-Golgi network [GO:0005801]; cytoskeleton [GO:0005856]; cytosol [GO:0005829]; dendritic branch [GO:0044307]; extrinsic component of postsynaptic density membrane [GO:0099147]; glutamatergic synapse [GO:0098978]; Golgi apparatus [GO:0005794]; Golgi stack [GO:0005795]; intracellular membrane-bounded organelle [GO:0043231]; neuronal cell body [GO:0043025]; synaptic membrane [GO:0097060]; voltage-gated potassium channel complex [GO:0008076],"SUBCELLULAR LOCATION: Golgi apparatus {ECO:0000269|PubMed:15047863, ECO:0000269|PubMed:19242490, ECO:0000269|PubMed:25217626, ECO:0000269|PubMed:27666745}. Cytoplasm {ECO:0000269|PubMed:9915845}. Cytoplasm, cytoskeleton, microtubule organizing center, centrosome {ECO:0000269|PubMed:12270714, ECO:0000269|PubMed:14654843, ECO:0000269|PubMed:25657325, ECO:0000269|PubMed:29162697, ECO:0000269|PubMed:9915845}. Note=Cytoplasmic in parietal cells (PubMed:9915845). Recruited to the Golgi apparatus by GM130/GOLGA2 (PubMed:25657325). Localization at the centrosome versus Golgi apparatus may be cell line-dependent. In SKBr3 and HEK293F cells, exclusively located at the centrosome (PubMed:29162697). In HeLa, MDA-MB231 and RPE-1 cells, detected at the Golgi apparatus (PubMed:25217626, PubMed:29162697). In SK-BR-3 cells, recruited to the centrosome in the presence of CDK5RAP2 (PubMed:29162697). {ECO:0000269|PubMed:25217626, ECO:0000269|PubMed:25657325, ECO:0000269|PubMed:29162697, ECO:0000269|PubMed:9915845}.",AKAP9 AKAP350 AKAP450 KIAA0803,
Q9BY32,cytosol [GO:0005829],"SUBCELLULAR LOCATION: Cytoplasm {ECO:0000255|HAMAP-Rule:MF_03148, ECO:0000269|PubMed:11278832}.",ITPA C20orf37 My049 OK/SW-cl.9,
Q9BZZ5,cytoplasm [GO:0005737]; membrane [GO:0016020]; nuclear speck [GO:0016607]; nucleus [GO:0005634]; spliceosomal complex [GO:0005681],SUBCELLULAR LOCATION: Nucleus {ECO:0000269|PubMed:11075807}. Cytoplasm {ECO:0000269|PubMed:11075807}. Note=Mainly nuclear. Can also be cytoplasmic.; SUBCELLULAR LOCATION: Isoform 3: Cytoplasm.,API5 MIG8,
Q9C005,Golgi apparatus [GO:0005794]; histone methyltransferase complex [GO:0035097]; MLL3/4 complex [GO:0044666]; nucleoplasm [GO:0005654]; nucleus [GO:0005634]; Set1C/COMPASS complex [GO:0048188]; trans-Golgi network [GO:0005802],"SUBCELLULAR LOCATION: Nucleus {ECO:0000269|PubMed:19651892}. Golgi apparatus, trans-Golgi network {ECO:0000269|PubMed:19651892}. Note=Associated with chromatin at regions enriched in histone H3 trimethylated at 'Lys-4. Highly enriched in gene promoter regions and 5' UTRs, but not in downstream regions of genes or 3' UTRs (By similarity). {ECO:0000250}.",DPY30,
Q9H1E3,chromatin [GO:0000785]; cytoplasm [GO:0005737]; nuclear chromatin [GO:0000790]; nucleolus [GO:0005730]; nucleus [GO:0005634],SUBCELLULAR LOCATION: Nucleus.,NUCKS1 NUCKS JC7,
Q9H1H9,centrosome [GO:0005813]; endosome membrane [GO:0010008]; kinesin complex [GO:0005871]; microtubule [GO:0005874]; midbody [GO:0030496]; trans-Golgi network membrane [GO:0032588],"SUBCELLULAR LOCATION: Cytoplasm, cytoskeleton, microtubule organizing center, centrosome. Midbody. Endosome membrane. Golgi apparatus membrane {ECO:0000250}. Note=Recruited to the midbody during cytokinesis.",KIF13A RBKIN,
Q9H2H8,catalytic step 2 spliceosome [GO:0071013],,PPIL3,
Q9H3K6,cytoplasm [GO:0005737]; cytosol [GO:0005829]; nucleus [GO:0005634],SUBCELLULAR LOCATION: Cytoplasm {ECO:0000269|PubMed:22746225}. Nucleus {ECO:0000269|PubMed:22746225}.,BOLA2 BOLA2A My016; BOLA2B,
Q9H422,cytoplasm [GO:0005737]; cytosol [GO:0005829]; nuclear body [GO:0016604]; nucleus [GO:0005634]; PML body [GO:0016605],SUBCELLULAR LOCATION: Cytoplasm {ECO:0000269|PubMed:11034606}. Nucleus {ECO:0000269|PubMed:11034606}.,HIPK3 DYRK6 FIST3 PKY,
Q9H4H8,cytoplasm [GO:0005737]; mitotic spindle pole [GO:0097431],"SUBCELLULAR LOCATION: Cytoplasm. Cytoplasm, cytoskeleton, spindle. Cytoplasm, cytoskeleton, spindle pole {ECO:0000269|PubMed:15561729, ECO:0000269|PubMed:18485706}. Note=Primarily cytoplasmic during interphase, but at prophase, associates with spindle microtubules, with a clear concentration toward the spindle poles. It persists on spindle microtubules through metaphase and anaphase. {ECO:0000269|PubMed:18485706}.",FAM83D C20orf129,
Q9H6S1,cytoplasm [GO:0005737],SUBCELLULAR LOCATION: Cytoplasm {ECO:0000269|PubMed:14560022}.,AZI2 NAP1 TBKBP2,
Q9H6Z4,cytoplasm [GO:0005737]; nuclear pore [GO:0005643]; nucleoplasm [GO:0005654]; nucleus [GO:0005634],SUBCELLULAR LOCATION: Cytoplasm {ECO:0000269|PubMed:19289081}. Nucleus {ECO:0000269|PubMed:19289081}.,RANBP3,
Q9H910,cytosol [GO:0005829]; nucleus [GO:0005634]; plasma membrane [GO:0005886],SUBCELLULAR LOCATION: Cytoplasm {ECO:0000269|PubMed:15094197}. Nucleus {ECO:0000269|PubMed:15094197}.,JPT2 C16orf34 HN1L L11,
Q9NQG5,"centrosome [GO:0005813]; cytosol [GO:0005829]; nucleoplasm [GO:0005654]; nucleus [GO:0005634]; RNA polymerase II, holoenzyme [GO:0016591]",SUBCELLULAR LOCATION: Nucleus {ECO:0000269|PubMed:22264791}.,RPRD1B C20orf77 CREPT,
Q9NQL9,nuclear chromatin [GO:0000790]; nucleus [GO:0005634],SUBCELLULAR LOCATION: Nucleus {ECO:0000255|PROSITE-ProRule:PRU00070}.,DMRT3 DMRTA3,
Q9NSD9,cytoplasm [GO:0005737]; cytosol [GO:0005829]; membrane [GO:0016020]; phenylalanine-tRNA ligase complex [GO:0009328],SUBCELLULAR LOCATION: Cytoplasm {ECO:0000305|PubMed:29573043}.,FARSB FARSLB FRSB HSPC173,
Q9NTW7,nucleus [GO:0005634],SUBCELLULAR LOCATION: Nucleus {ECO:0000305}.,ZFP64 ZNF338,
Q9NW13,nucleolus [GO:0005730]; ribonucleoprotein complex [GO:1990904]; spliceosomal complex [GO:0005681],"SUBCELLULAR LOCATION: Nucleus, nucleolus {ECO:0000269|PubMed:12429849, ECO:0000269|PubMed:17081119, ECO:0000269|Ref.7}.",RBM28,
Q9P0K7,cell cortex [GO:0005938]; cell junction [GO:0030054]; cytoskeleton [GO:0005856]; cytosol [GO:0005829]; fibrillar center [GO:0001650]; nucleus [GO:0005634],"SUBCELLULAR LOCATION: Cytoplasm, cytoskeleton {ECO:0000305|PubMed:11042181, ECO:0000305|PubMed:16729964}. Cytoplasm, cytoskeleton, stress fiber {ECO:0000250|UniProtKB:Q9EP71}. Cytoplasm, cell cortex {ECO:0000250|UniProtKB:Q5U312}. Cell junction {ECO:0000250|UniProtKB:Q5U312}. Nucleus {ECO:0000269|PubMed:16729964}. Note=Associated with the cortical actin cytoskeleton structures in terminal web and cell-cell adhesion sites (By similarity). Highly expressed at the ectoplasmic specialization, an actin-rich cell junction specific to the testis (By similarity). Predominantly nuclear in nonconfluent cells (PubMed:16729964). {ECO:0000250|UniProtKB:Q5U312, ECO:0000269|PubMed:16729964}.",RAI14 KIAA1334 NORPEG,
Q9P225,axonemal dynein complex [GO:0005858]; axoneme [GO:0005930]; dynein complex [GO:0030286]; microtubule [GO:0005874]; motile cilium [GO:0031514],"SUBCELLULAR LOCATION: Cytoplasm, cytoskeleton, cilium axoneme {ECO:0000305}.",DNAH2 DNAHC2 DNHD3 KIAA1503,
Q9P2E2,axoneme [GO:0005930]; ciliary basal body [GO:0036064]; cilium [GO:0005929]; cytosol [GO:0005829]; dendrite cytoplasm [GO:0032839]; intraciliary transport particle B [GO:0030992]; kinesin complex [GO:0005871]; microtubule [GO:0005874]; neuron projection [GO:0043005]; periciliary membrane compartment [GO:1990075]; photoreceptor connecting cilium [GO:0032391],"SUBCELLULAR LOCATION: Cytoplasm, cytoskeleton {ECO:0000305}. Cell projection, cilium {ECO:0000250|UniProtKB:Q99PW8}.",KIF17 KIAA1405 KIF3X,
Q9P2K1,ciliary transition zone [GO:0035869]; cytoskeleton [GO:0005856]; cytosol [GO:0005829]; MKS complex [GO:0036038],"SUBCELLULAR LOCATION: Cytoplasm. Cytoplasm, cytoskeleton, cilium basal body. Note=Localizes at the transition zone, a region between the basal body and the ciliary axoneme. {ECO:0000250}.",CC2D2A KIAA1345,
Q9UBE0,cytoplasm [GO:0005737]; nucleoplasm [GO:0005654]; nucleus [GO:0005634]; SUMO activating enzyme complex [GO:0031510],SUBCELLULAR LOCATION: Nucleus {ECO:0000269|PubMed:11481243}.,SAE1 AOS1 SUA1 UBLE1A,
Q9UBT2,cytoplasm [GO:0005737]; nucleoplasm [GO:0005654]; SUMO activating enzyme complex [GO:0031510],"SUBCELLULAR LOCATION: Cytoplasm. Nucleus. Note=Shuttles between the cytoplasm and the nucleus, sumoylation is required either for nuclear translocation or nuclear retention.",UBA2 SAE2 UBLE1B HRIHFB2115,
Q9UGK3,cytosol [GO:0005829]; plasma membrane [GO:0005886],SUBCELLULAR LOCATION: Cytoplasm {ECO:0000269|PubMed:10980601}.,STAP2 BKS,
Q9UHD8,actin cytoskeleton [GO:0015629]; axoneme [GO:0005930]; cytoplasm [GO:0005737]; microtubule [GO:0005874]; microtubule cytoskeleton [GO:0015630]; non-motile cilium [GO:0097730]; perinuclear region of cytoplasm [GO:0048471]; septin complex [GO:0031105]; septin ring [GO:0005940]; stress fiber [GO:0001725],"SUBCELLULAR LOCATION: Cytoplasm, cytoskeleton {ECO:0000269|PubMed:17546647, ECO:0000269|PubMed:17922164}. Note=In an epithelial cell line, concentrates at cell-cell contact areas. After TGF-beta1 treatment and induction of epithelial to mesenchymal transition, colocalizes partly with actin stress fibers. During bacterial infection, displays a collar shape structure next to actin at the pole of invading bacteria.",SEPTIN9 KIAA0991 MSF SEPT9,
Q9UHY7,cytosol [GO:0005829]; nucleus [GO:0005634],SUBCELLULAR LOCATION: Cytoplasm {ECO:0000255|HAMAP-Rule:MF_03117}. Nucleus {ECO:0000255|HAMAP-Rule:MF_03117}.,ENOPH1 MASA MSTP145,
Q9UJ78,nucleus [GO:0005634],SUBCELLULAR LOCATION: Nucleus {ECO:0000305}.,ZMYM5 ZNF198L1 ZNF237 HSPC050,
Q9UK45,catalytic step 2 spliceosome [GO:0071013]; cytosol [GO:0005829]; Lsm1-7-Pat1 complex [GO:1990726]; Lsm2-8 complex [GO:0120115]; nucleoplasm [GO:0005654]; nucleus [GO:0005634]; U12-type spliceosomal complex [GO:0005689]; U2-type precatalytic spliceosome [GO:0071005]; U2-type prespliceosome [GO:0071004]; U4/U6 x U5 tri-snRNP complex [GO:0046540]; U6 snRNP [GO:0005688],"SUBCELLULAR LOCATION: Nucleus {ECO:0000269|PubMed:10523320, ECO:0000269|PubMed:26912367, ECO:0000269|PubMed:28781166}.",LSM7,
Q9UK76,cytoplasm [GO:0005737]; nuclear membrane [GO:0031965]; nucleolus [GO:0005730]; nucleus [GO:0005634],SUBCELLULAR LOCATION: Nucleus {ECO:0000269|PubMed:21323578}. Cytoplasm {ECO:0000269|PubMed:25169422}.,JPT1 ARM2 HN1,
Q9UKY7,cytosol [GO:0005829]; plasma membrane [GO:0005886],SUBCELLULAR LOCATION: Cytoplasm {ECO:0000250}.,CDV3 H41,
Q9UL63,cell cortex [GO:0005938]; cell junction [GO:0030054]; cytoplasm [GO:0005737]; cytosol [GO:0005829]; nucleoplasm [GO:0005654]; ruffle [GO:0001726]; synapse [GO:0045202]; ubiquitin ligase complex [GO:0000151],"SUBCELLULAR LOCATION: Cytoplasm {ECO:0000269|PubMed:17467196}. Cytoplasm, cytosol {ECO:0000250|UniProtKB:O89050}. Nucleus, nucleoplasm {ECO:0000250|UniProtKB:O89050}. Cell projection, ruffle {ECO:0000250|UniProtKB:O89050}. Cytoplasm, cell cortex {ECO:0000250|UniProtKB:O89050}. Cell junction, synapse {ECO:0000250|UniProtKB:O89050}. Note=Colocalizes with GABRA1 at synapses and in post-synaptic regions. Colocalizes with actin fibers in the cell cortex. {ECO:0000250|UniProtKB:O89050}.",MKLN1,
Q9UN86,cytoplasm [GO:0005737]; cytoplasmic stress granule [GO:0010494]; cytosol [GO:0005829]; ribonucleoprotein complex [GO:1990904],"SUBCELLULAR LOCATION: Cytoplasm {ECO:0000269|PubMed:23279204, ECO:0000269|PubMed:30404792}. Cytoplasm, Stress granule {ECO:0000269|PubMed:23279204, ECO:0000269|PubMed:30404792}.",G3BP2 KIAA0660,
Q9UNZ2,chromosome [GO:0005694]; cytosol [GO:0005829]; Golgi stack [GO:0005795]; intermediate filament cytoskeleton [GO:0045111]; nucleoplasm [GO:0005654]; plasma membrane [GO:0005886]; spindle pole centrosome [GO:0031616]; VCP-NSFL1C complex [GO:1990730],"SUBCELLULAR LOCATION: Nucleus {ECO:0000250|UniProtKB:O35987}. Golgi apparatus, Golgi stack {ECO:0000250|UniProtKB:O35987}. Chromosome {ECO:0000250|UniProtKB:O35987}. Cytoplasm, cytoskeleton, microtubule organizing center, centrosome {ECO:0000250|UniProtKB:O35987}. Note=Predominantly nuclear in interphase cells. Bound to the axial elements of sex chromosomes in pachytene spermatocytes. A small proportion of the protein is cytoplasmic, associated with Golgi stacks. Localizes to centrosome during mitotic prophase and metaphase. {ECO:0000250|UniProtKB:O35987}.",NSFL1C UBXN2C,
Q9UPT8,cytosol [GO:0005829]; nuclear chromatin [GO:0000790]; nucleoplasm [GO:0005654]; nucleus [GO:0005634],,ZC3H4 C19orf7 KIAA1064,
Q9Y266,cytoplasm [GO:0005737]; cytosol [GO:0005829]; microtubule [GO:0005874]; nucleoplasm [GO:0005654],"SUBCELLULAR LOCATION: Cytoplasm, cytoskeleton. Nucleus. Note=In a filamentous pattern adjacent to the nucleus of migrating cerebellar granule cells. Colocalizes with tubulin and dynein and with the microtubule organizing center. Distributed throughout the cytoplasm of non-migrating cells. A small proportion is nuclear, in a punctate pattern.",NUDC,
Q9Y333,catalytic step 2 spliceosome [GO:0071013]; cytosol [GO:0005829]; Lsm1-7-Pat1 complex [GO:1990726]; Lsm2-8 complex [GO:0120115]; nucleoplasm [GO:0005654]; nucleus [GO:0005634]; P-body [GO:0000932]; U2-type precatalytic spliceosome [GO:0071005]; U4/U6 x U5 tri-snRNP complex [GO:0046540]; U6 snRNP [GO:0005688],"SUBCELLULAR LOCATION: Nucleus {ECO:0000269|PubMed:10523320, ECO:0000269|PubMed:11991638, ECO:0000269|PubMed:26912367, ECO:0000269|PubMed:28781166}.",LSM2 C6orf28 G7B,
Q9Y3C6,catalytic step 2 spliceosome [GO:0071013]; nucleoplasm [GO:0005654]; nucleus [GO:0005634]; U2-type catalytic step 2 spliceosome [GO:0071007],"SUBCELLULAR LOCATION: Nucleus {ECO:0000269|PubMed:11991638, ECO:0000269|PubMed:28076346, ECO:0000269|PubMed:28502770}.",PPIL1 CYPL1 CGI-124 UNQ2425/PRO4984,
Q9Y3F4,cytoplasm [GO:0005737]; cytosol [GO:0005829]; nucleoplasm [GO:0005654]; SMN complex [GO:0032797]; SMN-Sm protein complex [GO:0034719],SUBCELLULAR LOCATION: Cytoplasm. Nucleus. Note=Localized predominantly in the cytoplasm but also found in the nucleus.,STRAP MAWD UNRIP,
Q9Y520,cytosol [GO:0005829]; membrane [GO:0016020],,PRRC2C BAT2D1 BAT2L2 KIAA1096 XTP2,
Q9Y5S9,catalytic step 2 spliceosome [GO:0071013]; cytoplasm [GO:0005737]; cytosol [GO:0005829]; dendrite [GO:0030425]; exon-exon junction complex [GO:0035145]; neuronal cell body [GO:0043025]; nuclear speck [GO:0016607]; nucleoplasm [GO:0005654]; nucleus [GO:0005634]; U2-type catalytic step 1 spliceosome [GO:0071006],"SUBCELLULAR LOCATION: Nucleus {ECO:0000269|PubMed:11030346, ECO:0000269|PubMed:19324961, ECO:0000269|PubMed:28502770, ECO:0000269|PubMed:29301961}. Nucleus speckle {ECO:0000269|PubMed:11030346, ECO:0000269|PubMed:19324961}. Cytoplasm {ECO:0000269|PubMed:11030346, ECO:0000269|PubMed:19324961}. Note=Nucleocytoplasmic shuttling protein (PubMed:11030346). Travels to the cytoplasm as part of the exon junction complex (EJC) bound to mRNA. Colocalizes with the core EJC, ALYREF/THOC4, NXF1 and UAP56 in the nucleus and nuclear speckles (PubMed:19324961). {ECO:0000269|PubMed:11030346, ECO:0000269|PubMed:19324961}.",RBM8A RBM8 HSPC114 MDS014,
Q9Y5V0,cytoplasm [GO:0005737]; nucleus [GO:0005634],SUBCELLULAR LOCATION: Cytoplasm {ECO:0000250|UniProtKB:Q9D115}. Nucleus {ECO:0000250|UniProtKB:Q9D115}.,ZNF706 HSPC038 PNAS-113,
Q9Y5Z7,cytoplasm [GO:0005737]; cytosol [GO:0005829]; MLL1 complex [GO:0071339]; nucleoplasm [GO:0005654]; nucleus [GO:0005634]; plasma membrane [GO:0005886],SUBCELLULAR LOCATION: Cytoplasm {ECO:0000269|PubMed:10196288}. Nucleus {ECO:0000269|PubMed:10196288}.,HCFC2,
